Title,score,date created, subreddit, author, urlTook one for the team, enjoy fellas,584,1551338879,nsfwasmr,lonelyartist11,https://mega.nz/#!2EUiySTT!g_f8cGm6kszqVkNnRzknIVHVt9y2MAVkA5nTGFn-AL8
One of our new favorite Brazilian ASMRtists finally got a 3dio. It's Christmas in June: ear licking, whispers, oil, tits and ass,406,1530211191,nsfwasmr,Mooseandchicken,https://www.pornhub.com/view_video.php?viewkey=ph5b341d5fa01bf
Larkin Love ASMR JOI vids free on Pornhub,380,1560771138,nsfwasmr,larkinlovexxx,https://www.reddit.com/r/nsfwasmr/comments/c1mfpo/larkin_love_asmr_joi_vids_free_on_pornhub/
Hungry Lips Full Topless Video,281,1522816253,nsfwasmr,breliq,https://www.pornhub.com/view_video.php?viewkey=ph5ac387943bf51
Larkin Love whispered handjob,269,1524591051,nsfwasmr,RalleMonkey,https://www.pornhub.com/view_video.php?viewkey=ph5ac52e2f699f2
Bella Brookz - ASMR - Girlfriend Won't Let You Go To Bed,258,1491760911,nsfwasmr,pervertaccount1,https://www.pornhub.com/view_video.php?viewkey=ph58ea5c9b62442
Hungry Lips,244,1522978788,nsfwasmr,onlytoask,https://www.pornhub.com/view_video.php?viewkey=ph5ac6a26138db2
Blowjob part is amazingly satisfying.,231,1558713047,nsfwasmr,Datichs,https://www.pornhub.com/view_video.php?viewkey=ph5cdf07d5bbe31
Bella Brookz dump,229,1569864149,nsfwasmr,radio_face09,https://mega.nz/#F!bKQljQ6A!aOthBJC7rwrmINgUuZPSmQ
Ivy Black Hot Roommate Blowjob 1-6 HD,221,1479400034,nsfwasmr,quality-time,http://www.pornhub.com/view_video.php?viewkey=ph57d7a2093683b
Nurse drains patients dick dry,198,1538258440,nsfwasmr,Highclass001,https://www.pornhub.com/view_video.php?viewkey=ph5ba8cd7a5e51d
BB/MissBella MEGA Folder,195,1567011116,nsfwasmr,cCherry69,https://www.reddit.com/r/nsfwasmr/comments/cwngbk/bbmissbella_mega_folder/
As far as I'm concerned, this is the best nsfwasmr video yet. Bella Asmr sexy nurse roleplay. [Nude] [Massage] [Erotic],184,1464159084,nsfwasmr,chrisnesbitt_jr,http://mega.nz/#!Y4g3iIjL!kj80Tt33CocNyTDfXj3BNtqW2qyEUx68pPBtPIR71DQ
BACKTOSCHOOL2019 JOI - Teacher caught u reading a porn mag.,182,1568334089,nsfwasmr,goonbob,https://www.pornhub.com/view_video.php?viewkey=ph5d5eb7906f105
Bella Brookz ASMR Falls asleep next you.,178,1561082162,nsfwasmr,thisiswind,https://www.pornhub.com/view_video.php?viewkey=ph5cfc76d5a7bbc&amp;utm_source=galaxy&amp;utm_medium=PT&amp;utm_campaign=galaxy
an asmr video about a girl who doesn't know what omegle is,178,1562164747,nsfwasmr,adriennealex,https://www.pornhub.com/view_video.php?viewkey=ph5d1ca75635df7
You're about to lose No Nut November! ASMR Bella Hairstylist,176,1573027893,nsfwasmr,Blazedson,https://www.pornhub.com/view_video.php?viewkey=ph5dc0ea033203b&amp;t=6&amp;utm_source=thepornguy&amp;utm_medium=PT&amp;utm_campaign=thepornguy
ASMR JOI,173,1526412519,nsfwasmr,woogiesan,https://www.pornhub.com/view_video.php?viewkey=ph5afb05567dcde
AftynRose ASMR - Affectionate Kitty,173,1537723501,nsfwasmr,Dredovik,https://www.pornhub.com/view_video.php?viewkey=ph5ba7b9e4d859b
Best Video Out There - Sexy Latina Masturbates While Licking 3DIO,172,1533090297,nsfwasmr,Geminey3,https://www.pornhub.com/view_video.php?viewkey=ph5b5fca4c5c89c
Miss Bella. Is this the one some people were looking for?,172,1568933720,nsfwasmr,JJreddit_98,https://mega.nz/#!WWh3XYjb!Tz_31URbGQb1KKV3m3r0htD5cIpkYcgxtNZy4NMQ8X4
ASMR is Awesome has made a PornHub page if where shes uploaded old content,167,1557143865,nsfwasmr,DmcUniverse1994,https://www.reddit.com/r/nsfwasmr/comments/blb8a7/asmr_is_awesome_has_made_a_pornhub_page_if_where/
This french asmr got me really hard,165,1530017632,nsfwasmr,spankmehard22,https://www.pornhub.com/view_video.php?viewkey=ph5ad88b3a33128&amp;t=8&amp;utm_source=thepornguy&amp;utm_medium=PT&amp;utm_campaign=thepornguy
ASMR in the forest Mady's first time,163,1571511731,nsfwasmr,bubblesfix,https://www.pornhub.com/view_video.php?viewkey=ph5da9e3ca43028
FINALLY Alwaysslightlysleepy audios found,161,1551314250,nsfwasmr,DmcUniverse1994,https://mega.nz/#!9H5wxYBA!UtKHja7JaKirp__PpbquiW3WxHp4hgg9maaVlVLD0b4
Small Mega collection,160,1556862854,nsfwasmr,alternate_account69,https://www.reddit.com/r/nsfwasmr/comments/bk50r4/small_mega_collection/
ASMR Nurse Roleplay,157,1477318627,nsfwasmr,OnePunkArmy,http://www.pornhub.com/view_video.php?viewkey=ph5805382e514ff
Pixie Girl Cosplay | Blowjob | Moaning | White Noise | Sucking | Licking,154,1496655581,nsfwasmr,ijustwantthemxrays,https://www.pornhub.com/view_video.php?viewkey=ph5927516a72949
I'm surprised Hegre Art isn't mentioned on the sub more often.,154,1530448282,nsfwasmr,TrickySeaweed,https://www.pornhub.com/view_video.php?viewkey=ph56ee3eaab58f9
Ask and you shall receive,154,1553216405,nsfwasmr,1c3yV31nz,https://mega.nz/#!gqoEmAbC!AwZtMKpKYj0pGPR_D6i-W3tV0mEd5cVuVJ4F9gEGx4c
ASMR Blowjob || Cute Girl Needs a Test Subject to Suck Off,153,1561738019,nsfwasmr,skitty_gwa,https://www.pornhub.com/view_video.php?viewkey=ph5d160c539db49
Brazilian Girls 3Dio Ear licking Oral,151,1555424546,nsfwasmr,ThatDudeJay_,https://www.pornhub.com/view_video.php?viewkey=ph5cb4c4ce2dfe0
Ashley Alban combines nudity and asmr perfectly,149,1527244292,nsfwasmr,amazingkitteh,https://www.pornhub.com/view_video.php?viewkey=ph5a4b0b4c39eb8
Xev Bellringer: Sex Surrogate,147,1450658034,nsfwasmr,Timpta,http://www.pornhub.com/view_video.php?viewkey=ph5671e673631dc
Very sexy JOI, had to make a new account to share!,144,1522849880,nsfwasmr,sexy_snow,https://www.pornhub.com/view_video.php?viewkey=ph5aa8296f886af
Foreign Exchange Student Wants to Fuck [Female] [POV] [Accent],143,1489975611,nsfwasmr,moomoo12boy,http://www.pornhub.com/view_video.php?viewkey=ph580c26a756158
Cutie awkwardly talks and strips naked for u,139,1535521572,nsfwasmr,goonbob,https://www.pornhub.com/view_video.php?viewkey=ph5b63cadae01ed
AftynRose - Slave Leia Licking Her Way to Freedom,139,1533222089,nsfwasmr,Dredovik,https://www.pornhub.com/view_video.php?viewkey=ph5b601f9da7d49
I made an erotic whispering ASMR video - it's a taboo roleplay ;),138,1558238547,nsfwasmr,shamelesslyunshaven,https://www.pornhub.com/view_video.php?viewkey=ph5cdf3b76bcd44
Succubus asmr lewd,132,1552766683,nsfwasmr,Awerrowsni,https://www.pornhub.com/view_video.php?viewkey=ph5c61419806e60&amp;utm_source=thepornguy&amp;utm_medium=PT&amp;utm_campaign=thepornguy
ASMR Wet Pussy Sounds And Orgasm[15:00],131,1528797372,nsfwasmr,maxthrowback,https://www.pornhub.com/view_video.php?viewkey=ph5b1bd0fc5b9cb&amp;t=10&amp;utm_source=thepornguy&amp;utm_medium=PT&amp;utm_campaign=thepornguy
ASMR with pornstar Romi Rain,130,1529601916,nsfwasmr,NSFWASMRshare,https://www.pornhub.com/view_video.php?viewkey=ph5b25837cacc44
Another Nurse POV role play,129,1519955818,nsfwasmr,jpatrich,https://www.pornhub.com/view_video.php?viewkey=ph5a51f3a78fc89
ASMR 'After Date' Roleplay,129,1557237632,nsfwasmr,sverev88,https://www.pornhub.com/view_video.php?viewkey=ph5ccc3230ec7d5&amp;t=4&amp;utm_source=pg-reddit&amp;utm_medium=pg
Xev Bellringer‚Äôs ‚ÄúCan I Sleep With You Daddy?‚Äù [breathy whispers] [rustling] [mouth / sucking sounds],128,1527554287,nsfwasmr,justapornaccountbro,https://www.pornhub.com/view_video.php?viewkey=ph5a99998132025
EquilibriumASMR Listen to me JOI,128,1529328855,nsfwasmr,maxthrowback,https://www.pornhub.com/view_video.php?viewkey=ph5b1147ecece3e&amp;t=6&amp;utm_source=thepornguy&amp;utm_medium=PT&amp;utm_campaign=thepornguy
Uploading this as a Christmas gift: 80 minutes of ASMR GF roleplay,127,1451074310,nsfwasmr,MyOhMy534,http://www.pornhub.com/view_video.php?viewkey=ph567d983633797
Two hours and twenty minutes of pure nsfwasmr,127,1552149168,nsfwasmr,theoneforlewd,https://www.pornhub.com/view_video.php?viewkey=ph5c284cf688662
Xev Bellringer - Nympho submits to her boss [typing] [mouth sounds] [moaning],127,1531280179,nsfwasmr,justapornaccountbro,https://www.pornhub.com/view_video.php?viewkey=ph5ab4632d3ba77
Glory Table ASMR,127,1536624314,nsfwasmr,PurpleBradel,https://www.pornhub.com/view_video.php?viewkey=ph596d513f2a4ce&amp;1&amp;utm_source=redditshare&amp;utm_medium=PT&amp;utm_campaign=redditshare
Your Best Friend Wants to Blow you and Swallow (Bachelor Party),126,1479154993,nsfwasmr,PLEASE_DO_NOT_UPVOTE,http://www.pornhub.com/view_video.php?viewkey=ph581a7acfe79a1
Anyone know who this is?,124,1567507667,nsfwasmr,Snow9492,https://www.pornhub.com/view_video.php?viewkey=ph5d699577ea27c
ASMR Panties Try-On Haul!,124,1565189241,nsfwasmr,Stella_9,https://www.pornhub.com/view_video.php?viewkey=ph5d1cb45aef16a&amp;utm_source=Shark&amp;utm_medium=PT&amp;utm_campaign=Shark
Unintentional hide and fuck but I fixed the link,123,1531690130,nsfwasmr,Dutch_Wilkerson,https://www.pornhub.com/view_video.php?viewkey=ph5a8767ebdadb2
Kate dirty talking and having deep moans,123,1551544075,nsfwasmr,flagguso,https://www.pornhub.com/view_video.php?viewkey=ph5b64e99bca4a7&amp;utm_source=Shark&amp;utm_medium=PT&amp;utm_campaign=Shark
Mom's New Diet,120,1565558049,nsfwasmr,PorcelainMarauder,https://www.pornhub.com/view_video.php?viewkey=ph5d0790b53c617
The Parent-teacher Conference,120,1571011689,nsfwasmr,BaileyEzekiel,https://www.pornhub.com/view_video.php?viewkey=ph5d1a865d5db73&amp;t=9&amp;utm_source=galaxy&amp;utm_medium=PT&amp;utm_campaign=galaxy1
I'm on Pornhub! WHispering V ASMR --&gt; Erotic ASMR Support me on Pornhub (&amp;redtube),118,1474326832,nsfwasmr,whisperingvasmr,http://www.pornhubpremium.com/users/eroticasmr
www.patreon.com/whisperingvasmr
PLEASE take a break and listen to this.,116,1536222423,nsfwasmr,IneedLeventis,https://www.pornhub.com/view_video.php?viewkey=2048696247&amp;utm_source=redditshare&amp;utm_medium=PT&amp;utm_campaign=redditshare
Sexy Latina Masturbating with Tascam,116,1532484094,nsfwasmr,Geminey3,https://www.pornhub.com/view_video.php?viewkey=ph5b5684c31ea08
diddly moooooo,115,1572478827,nsfwasmr,notmyactualacnt,https://mega.nz/#!wq5iHILa!fhguLkN9zGKWD_DC6ERDMVwYvB1-tTOBByCgvLTwKKQ
AftynRose - A Night in the Life of Princess Peach,115,1534340735,nsfwasmr,Dredovik,https://www.pornhub.com/view_video.php?viewkey=ph5b72c24911eb8
Teacher caught u reading a porn mag!!,114,1569771836,nsfwasmr,Existing_Style,https://www.pornhub.com/view_video.php?viewkey=ph5d5eb7906f105&amp;t=01&amp;utm_source=galaxy&amp;utm_medium=PT&amp;utm_campaign=galaxy
I think you guys will enjoy this one,113,1529578035,nsfwasmr,ClarkSensei,https://www.pornhub.com/view_video.php?viewkey=ph597b349242158
Voyeur ASMR JOI,113,1524210812,nsfwasmr,XanderOfNohr4,https://www.pornhub.com/view_video.php?viewkey=ph5ad867b0249f7
Diamond ASMR's NSFW Asmr vid.,111,1530563501,nsfwasmr,Geminey3,https://www.pornhub.com/view_video.php?viewkey=ph5b393cee0d178
Nice quiet Bellabrookz video. She does slap her ass a couple times which is loud, but damn she is fine.,111,1526648124,nsfwasmr,CapnTapps,https://www.pornhub.com/view_video.php?viewkey=ph5ae482b9ba100
Kayla | Sleep In With Me,110,1551693374,nsfwasmr,Superb_Detective,https://mega.nz/#!ko4WnYQK!IaZau98eXqoTEnHAEok6nufVa9ixrg0-DVa1jlUfkv4
Holy shit...."AMATEUR JOI - follow my instructions &amp; cum w/ me !",110,1527032731,nsfwasmr,Scottshunger,http://pornhub.com/view_video.php?viewkey=ph5aa8296f886af
ASMR Mama Susurros,110,1555940254,nsfwasmr,sverev88,https://www.pornhub.com/view_video.php?viewkey=ph5cbce55ace38b&amp;utm_source=pg-reddit&amp;utm_medium=pg
This Elena Koshka porn vid made me thing of this sub,109,1525176516,nsfwasmr,blushrusher,https://www.pornhub.com/view_video.php?viewkey=ph59bed5b6ac169
Therapist JOI [Soft spoken],106,1553750700,nsfwasmr,nsfwasmrthrowaway123,https://www.pornhub.com/view_video.php?viewkey=ph5b6b05b15b71d
Bella Brookz erotic ASMR,106,1560579466,nsfwasmr,mcdrippy,https://www.pornhub.com/view_video.php?viewkey=ph5cf96db9526f8
ASMR Amy I seduce you - heavy Breathing, moaning,106,1568165178,nsfwasmr,Kiarray,https://www.pornhub.com/view_video.php?viewkey=ph5d7257be17066
MILF Stepmom fucks POV - GFE Virtual Sex Creampie with Nikki Brooks Latina,106,1525385544,nsfwasmr,Highclass001,https://www.pornhub.com/view_video.php?viewkey=ph5aab03554d32c
KARUNA SATORISATORI ASMR DILDO BLOWJOB AND TITJOB,106,1526124146,nsfwasmr,Swogic,https://www.pornhub.com/view_video.php?viewkey=ph5af4d274ae365
good news: I got a new mic!!! bad news: it didn't work :},105,1563681148,nsfwasmr,adriennealex,https://www.pornhub.com/view_video.php?viewkey=ph5d33ca8e24e43
ASMR Amy Personal Nude Oil Massage,104,1556489415,nsfwasmr,WillIWank,https://www.pornhub.com/view_video.php?viewkey=ph5cc1fb4e3fe6d&amp;utm_source=thepornguy&amp;utm_medium=PT&amp;utm_campaign=thepornguy
Romi Rain JOI w Popsicle Eating + Fleshlight Play + Dildo Titfucking,104,1531431561,nsfwasmr,sabermix,https://www.pornhub.com/view_video.php?viewkey=ph5b4720eaac40a
Xev softly spoken in woolen thigh highs.,104,1536014010,nsfwasmr,yes_who,https://www.pornhub.com/view_video.php?viewkey=ph5a29779e2348f
THE *GROSSERY* STORE. ASMR FIRST ATTEMPT. REAL FRENCH.,102,1497807313,nsfwasmr,thirstyrando828,https://www.pornhub.com/view_video.php?viewkey=ph592f30178dbaa
JOI ASMR relax soft voice edging, french accent,100,1537197137,nsfwasmr,sverev88,https://www.pornhub.com/view_video.php?viewkey=ph5a27049e50a7d&amp;t=5&amp;utm_source=thepornguy&amp;utm_medium=PT&amp;utm_campaign=thepornguy
Aftynrose asmr commissioned popsicle video,99,1520218486,nsfwasmr,ramrol511,https://www.pornhub.com/view_video.php?viewkey=ph5a9c8120f0b59
Cock kissing. Pure kissing sounds, very ASMR inducing,99,1523703498,nsfwasmr,SaintSeiya22,https://www.pornhub.com/view_video.php?viewkey=ph5abeab597bafb
New HungryLips fully nude ASMR video made specifically for Reddit.,99,1552703058,nsfwasmr,zachlloyd,https://www.pornhub.com/view_video.php?viewkey=ph5c8c5496ba466
Nice ASMR where the nudity is just subsidiary,99,1531556361,nsfwasmr,Urusai02,https://www.pornhub.com/view_video.php?viewkey=ph58ea5c9b62442
ASMR - a bob ross body paint,98,1571903425,nsfwasmr,Awerrowsni,https://www.pornhub.com/view_video.php?viewkey=ph5d60a0ae76335&amp;t=12&amp;utm_source=pg-reddit&amp;utm_medium=pg
Bella Asmr nurse POV,97,1478226555,nsfwasmr,[deleted],http://www.pornhub.com/view_video.php?viewkey=ph581058229acdb
This is the most relaxing hand job I've ever seen (Uta Kohaku),97,1457843648,nsfwasmr,honestjim49,http://www.pornhub.com/view_video.php?viewkey=ph56afb0326e072
This is the best I've ever seen,97,1485762601,nsfwasmr,ZestySelfishAss,http://www.pornhub.com/view_video.php?viewkey=ph57ac58a539543
GentleWhispering's Lost Lesbian Erotic Whisper,96,1483854577,nsfwasmr,MrRobotoWithASecret,http://www.pornhub.com/view_video.php?viewkey=ph5870685185f08
Attempt #2 at sensual ASMR - Lay back, listen and watch while I give you JOI in a soft slow whisper!,96,1558297047,nsfwasmr,shamelesslyunshaven,https://www.pornhub.com/view_video.php?viewkey=ph5ce1b034ab0fd
ASMR JOI - Emanually Raquel - Some English,95,1528331820,nsfwasmr,Geminey3,https://www.pornhub.com/view_video.php?viewkey=ph5b1826285211c
TheEmilyBloom - ASMR Bed Time Stories,95,1556200023,nsfwasmr,sverev88,https://www.pornhub.com/view_video.php?viewkey=ph5cb7e6137b36e&amp;t=4&amp;utm_source=pg-reddit&amp;utm_medium=pg
SDDE-559 (Japanese Pure ASMR),95,1568288904,nsfwasmr,puyoxinup2020,https://www.pornhub.com/view_video.php?viewkey=ph5c284cf688662&amp;utm_source=chimcanhcut&amp;utm_medium=PT&amp;utm_campaign=chimcanhcut
ASMR JOI - [09:11],94,1487607758,nsfwasmr,bobbywu99,http://www.pornhub.com/view_video.php?viewkey=ph58a6f66da494f
My first ASMR in spanish,94,1571870629,nsfwasmr,EllaAndRoman,https://www.pornhub.com/view_video.php?viewkey=ph5dae3be834b6a
ASMR Blowjob Handjob Roleplay POV (Erotic ASMR YouTuber),94,1534640596,nsfwasmr,RedditGifs182,https://www.pornhub.com/view_video.php?viewkey=ph5b787fc83797c
Penile exam part 2 asmr,94,1536505927,nsfwasmr,Bochemed,https://www.pornhub.com/view_video.php?viewkey=ph599b7617c6442&amp;1&amp;utm_source=redditshare&amp;utm_medium=PT&amp;utm_campaign=redditshare
Glory table ASMR,93,1501392422,nsfwasmr,Mrpythos,https://www.pornhub.com/view_video.php?viewkey=ph596d513f2a4ce
I give my colleague a sensual &amp; sloppy blowjob - (warning for cum explosion) üí¶üî´ [10:57],93,1534173948,nsfwasmr,cumtonic,https://www.pornhub.com/view_video.php?viewkey=ph5b52e3cb176b4
Fortune Teller JOI,93,1521691768,nsfwasmr,rapusta,https://www.pornhub.com/view_video.php?viewkey=ph59fb3ff6c86e5
Last Night with Mom,93,1563104608,nsfwasmr,PorcelainMarauder,https://www.pornhub.com/view_video.php?viewkey=ph5c4c8241216df
Sexy Latina Wonder Girl Licks 3DIO and Masturbates,92,1533396294,nsfwasmr,Geminey3,https://www.pornhub.com/view_video.php?viewkey=ph5b650c2bc79da
New Hungrylips Custom Video Leak,92,1538174803,nsfwasmr,rubinsteinsghost,https://www.pornhub.com/view_video.php?viewkey=ph5badc77e7cf7c
sexy Nurse/ doctor idk.. pov,92,1523165813,nsfwasmr,sexy_snow,https://www.pornhub.com/view_video.php?viewkey=ph5ac7d3e3c0180
Ivy Black Hot Roommate Blowjob 1-6 HD,92,1550407334,nsfwasmr,Banceybl,https://www.pornhub.com/view_video.php?viewkey=ph56dbe994787cd&amp;3&amp;8&amp;utm_source=redditshare&amp;utm_medium=PT&amp;utm_campaign=redditshare
ASMR || Sneaky Hotel Sex with a Playful Friend,91,1566500551,nsfwasmr,skitty_gwa,https://www.pornhub.com/view_video.php?viewkey=ph5d5ed59a5b084
Lena Paul and Summer Hart JOI countdown,91,1527629743,nsfwasmr,nsfwasmrthrowaway123,https://www.pornhub.com/view_video.php?viewkey=ph5acfc8a4cdbbb
BJ Sounds] [Mouth Sounds] Wake up blowjob. My dick got tingles,89,1526320504,nsfwasmr,pm_me_povporn,https://www.pornhub.com/view_video.php?viewkey=ph5ae018efdaab6
ASMR Roleplay - Emanually Raquel on YT,89,1525209317,nsfwasmr,Geminey3,https://www.pornhub.com/view_video.php?viewkey=ph5ae78fec7bf7d
KaylaKiss Gamer Girl JOI,89,1566993130,nsfwasmr,VegetaRS,https://www.pornhub.com/view_video.php?viewkey=ph5d6662e2bef7c
Emanually Raquel 3DIO Ear licking with tits out,88,1535684038,nsfwasmr,Geminey3,https://www.pornhub.com/view_video.php?viewkey=ph5b874a6232607
Sugar Boogerz (must see!!!),88,1560700588,nsfwasmr,Virtuousbro93,https://www.pornhub.com/view_video.php?viewkey=ph5d05a52510184
C13 Top Tier Video,88,1530853176,nsfwasmr,incepter123,https://www.pornhub.com/view_video.php?viewkey=ph5b3edbf81549c
Homewrecker ASMR Prettykittymiaos,88,1555115743,nsfwasmr,asheepwithagun,https://www.pornhub.com/view_video.php?viewkey=ph5cab5db493a60
ASMR Sensual Clinic,88,1559053493,nsfwasmr,arena2020,https://www.pornhub.com/view_video.php?viewkey=ph5cd0b088a9396&amp;utm_source=thepornguy&amp;utm_medium=PT&amp;utm_campaign=thepornguy
Your Girlfriend gives you a JOI at the Library | ASMR Roleplay GFE,88,1563796512,nsfwasmr,arena2020,https://www.pornhub.com/view_video.php?viewkey=ph5d331556a0eea&amp;t=5&amp;utm_source=pg-reddit&amp;utm_medium=pg
Ginger masturbates for you!,87,1552318993,nsfwasmr,Abakijade,https://www.pornhub.com/view_video.php?viewkey=ph5bf32c3d6fb57&amp;utm_source=Shark&amp;utm_medium=PT&amp;utm_campaign=Shark
Ohshititslele- the definition of this sub,87,1554296175,nsfwasmr,thepornguy80,https://cz.pornhub.com/view_video.php?viewkey=ph5b8a2e6d06701&amp;t=5&amp;utm_source=pg-reddit&amp;utm_medium=pg
MyKinkyDope - AN ASMR CLASSIC,87,1562195225,nsfwasmr,GettingGrannyBack,https://www.pornhub.com/view_video.php?viewkey=ph5d1c9d678fdae
babe makes herself cum listening to lesbian asmr,87,1572130691,nsfwasmr,waifurfox,https://www.pornhub.com/view_video.php?viewkey=ph5ce379c2d7b03
Sex in the library,86,1496719693,nsfwasmr,but_a_simple_petunia,https://www.pornhub.com/view_video.php?viewkey=ph58fa3a90eac96
ASMR with Porn Stars Romi Rain &amp; Abigail Mac,86,1558618759,nsfwasmr,marypatrici,https://www.pornhub.com/view_video.php?viewkey=ph5ce5cbba81d86
ASMR Girlfriend Roleplay Handjob &amp; Dirty Talk in Bed,86,1537125627,nsfwasmr,RedditGifs182,https://www.pornhub.com/view_video.php?viewkey=ph5b9e996c2f58e
Aftynrose ASMR Reading Books on tits!!,86,1559829790,nsfwasmr,pornxt,https://www.pornhub.com/view_video.php?viewkey=ph5cad081ca8b4b&amp;utm_source=thepornguy&amp;utm_medium=PT&amp;utm_campaign=thepornguy
ASMRgy,85,1521520553,nsfwasmr,greedzz,https://www.pornhub.com/view_video.php?viewkey=ph5a20c249a000a
Hot ASMR Nurse Roleplay,85,1481638151,nsfwasmr,mistermoka,http://it.pornhub.com/view_video.php?viewkey=ph5824172f3ee82
Slow Sucking homemade Blowjob gives me all the Tingles,85,1524959817,nsfwasmr,Omgineedanoutlet,https://www.pornhub.com/view_video.php?viewkey=ph5a54c6db26b66
Deleted/Private Cherry Crush video (ear/candy eating&amp;licking),85,1569024403,nsfwasmr,whatdoesthedesusay,https://mega.nz/#!cQMT0SYI!5Of6ngfW2IILGH1jNn9em584BnnpRW8j8_SarXrhRcw
Brooke Marie "Whispering because her parents are downstairs" (Skip to 5:53 if you don't want the low volume music in the background),84,1465281089,nsfwasmr,kaotic12,http://www.pornhub.com/view_video.php?viewkey=ph563c234b301db
Japanese schoolgirls kiss,84,1571621935,nsfwasmr,pornlobster,https://www.pornhub.com/view_video.php?viewkey=ph5d8abb6a6f848
Personal Fav Voldy, Mouth Sounds, Kisses, Breathy, Light Moans,83,1564156791,nsfwasmr,hereforthedirty,https://www.pornhub.com/view_video.php?viewkey=ph5cdcb01758710
Amber Hahn is a goddess of dirty talk,83,1508461930,nsfwasmr,HereHaveSomePorn,https://www.pornhub.com/view_video.php?viewkey=ph588517da7b8f8
Robin Mae Gives the cutest instructions after catching you watching porn,82,1557983328,nsfwasmr,MaurieEadie,https://www.pornhub.com/view_video.php?viewkey=ph5a98470f3510a&amp;5&amp;7&amp;utm_source=redditshare&amp;utm_medium=PT&amp;utm_campaign=redditshare
ASMR Network GF Roleplay,82,1566931048,nsfwasmr,AdvancedObject,https://mega.nz/#!6jQlgQJR!DqbtnyuXzg5lC5v8-5FX9RBnFR90fN_kag-faFwcOp8
Sensual soft speaking (You guys will thank me for this),82,1444310866,nsfwasmr,Kevkevkev123,http://www.pornhub.com/view_video.php?viewkey=2048696247
Prequel to ASMR2N4 Makenzie "It's all about you this time",82,1558533230,nsfwasmr,Pantherdawgs77,https://mega.nz/#!uNlVxSgJ!R4BUjZHrvJKBeEQez2eHNafltxXGpQOuPuCUzQ_h3jY
ASMR Girlfriend Roleplay - Sleepy Time - GwenGwiz,82,1534787030,nsfwasmr,LukeChain,https://www.pornhub.com/view_video.php?viewkey=ph5b578548b59a7
ASMR ROLEPLAY Sexy Brazilian Girl ASMR Erotic FAKE CUM,81,1527170483,nsfwasmr,Geminey3,https://www.pornhub.com/view_video.php?viewkey=ph5b06568ddf622
JOI ASMR with 19 y/o Veronica Valentine,81,1498434640,nsfwasmr,freak55,https://www.pornhub.com/view_video.php?viewkey=ph59502bedba244
Love me proper ASMR - prettykittymiaos,81,1519408428,nsfwasmr,PM_Yr_Nudes,https://www.pornhub.com/view_video.php?viewkey=ph5a8ef8ba8d76b
Madison Ivy gives jerk of instruction speaking softly to you and masturbating (ASMR),81,1528286112,nsfwasmr,spankmehard22,https://www.pornhub.com/view_video.php?viewkey=ph589786bc3f4f4&amp;t=12&amp;utm_source=thepornguy&amp;utm_medium=PT&amp;utm_campaign=thepornguy
Erotic ASMR,81,1557740625,nsfwasmr,ninfando,https://www.pornhub.com/view_video.php?viewkey=ph5cc0fa616cdd8&amp;utm_source=Shark&amp;utm_medium=PT&amp;utm_campaign=Shark
sensual lesbian massage in bondage,81,1565124731,nsfwasmr,marshall343,https://www.pornhub.com/view_video.php?viewkey=ph5c5580af5c4af
Perfect Blowjob and Deepthroat with Cum in Mouth - MySweetApple,81,1537624104,nsfwasmr,Highclass001,https://www.pornhub.com/view_video.php?viewkey=ph5b32784fcf058
Close up blowjob with cum play and swallow,81,1535043005,nsfwasmr,YerThatsRight,https://www.pornhub.com/view_video.php?viewkey=ph5b7beffea5cae
ASMR JOI - Assisted Masturbation Therapy.,81,1565711063,nsfwasmr,Awerrowsni,https://www.pornhub.com/view_video.php?viewkey=ph5cdc256e1ba77&amp;utm_source=pg-reddit&amp;utm_medium=pg
The Alleyway. REAL FRENCH, REAL STORY. ASMR inspiration.,80,1501289467,nsfwasmr,BeemerWT,https://www.pornhub.com/view_video.php?viewkey=ph595d1a9f6a795
Romi Rain giving sexually charged instructions ASMR,80,1551238014,nsfwasmr,wayubb,https://www.pornhub.com/view_video.php?viewkey=ph5b9585d1ac75f&amp;utm_source=Shark&amp;utm_medium=PT&amp;utm_campaign=Shark
Always moisturize your butt after a good shower.,80,1568676898,nsfwasmr,LimpDickShits,https://www.pornhub.com/view_video.php?viewkey=ph59256862c779f&amp;pkey=121320791
Unintentional ASMR from soft spoken, sweet and slightly ditzy girl.,80,1535303396,nsfwasmr,helix427,https://www.pornhub.com/view_video.php?viewkey=1715861336
ASMR ‚ù§ Ahegao Ear Licking,80,1571405443,nsfwasmr,Blazedson,https://www.pornhub.com/view_video.php?viewkey=ph5cdd140e0ae37&amp;utm_source=thepornguy&amp;utm_medium=PT&amp;utm_campaign=thepornguy
NURSE HANDJOB! ASMR,80,1562804857,nsfwasmr,LimberWaffle,https://www.pornhub.com/view_video.php?viewkey=ph5d18c7947ad58
Coffee and Sex,79,1498015086,nsfwasmr,thatoneaccount111,https://www.pornhub.com/view_video.php?viewkey=ph59395e81486b3
ASMR 3DIO Ear Licking JOI, Rubbing on Tits. Riding. Etc,79,1537415888,nsfwasmr,Geminey3,https://www.pornhub.com/view_video.php?viewkey=ph5ba2a3fa61ea3
ASMR Girlfriend Roleplay - Webcam Blowjob &amp; Dirty Talking,79,1559491310,nsfwasmr,Stella_9,https://www.pornhub.com/view_video.php?viewkey=ph5c3bcd99b6020&amp;utm_source=Shark&amp;utm_medium=PT&amp;utm_campaign=Shark
Maisie Williams lookalike masturbating [quiet talking][very wet sounds],78,1460951293,nsfwasmr,BinaryFlame,http://www.pornhub.com/view_video.php?viewkey=674305279
Ohitslele French Accent English JOI Edging,78,1512804525,nsfwasmr,ijustwantthemxrays,https://www.pornhub.com/view_video.php?viewkey=ph5a27049e50a7d
PLEASE take a break and listen to this.,78,1519739965,nsfwasmr,maxthrowback,https://www.pornhub.com/view_video.php?viewkey=2048696247&amp;utm_source=thepornguy&amp;utm_medium=PT&amp;utm_campaign=thepornguy
Kisses, Breathing, Moaning, Sucking,78,1527110716,nsfwasmr,notaredditguy,https://www.pornhub.com/view_video.php?viewkey=ph5aa9e74407050
ASMR joi - Let me help you,78,1531390643,nsfwasmr,spankmehard22,https://www.pornhub.com/view_video.php?viewkey=ph5b400e1932a25&amp;utm_source=thepornguy&amp;utm_medium=PT&amp;utm_campaign=thepornguy
I can't believe this hasn't already been posted here!,77,1429453489,nsfwasmr,Shortsareeasytowear,http://www.pornhub.com/view_video.php?viewkey=290181820
Mia Azul | Encouragement | Petit | Cute | Moaning | European | Rubbing | Thrusting | Semi-ASMR (Depends on the individual that perceives what is ASMR and what isn't),77,1497872955,nsfwasmr,ijustwantthemxrays,https://www.pornhub.com/view_video.php?viewkey=ph593a4f9d94c56
Louisa Lockhart Downblouse,77,1522793031,nsfwasmr,SackRash,https://www.pornhub.com/view_video.php?viewkey=ph57a8f36f58fba
AftynRose ASMR ASS (Full v√≠deo),77,1555531161,nsfwasmr,thepornguy80,https://www.pornhub.com/view_video.php?viewkey=ph5c9bdeecbe75d&amp;utm_source=thepornguy&amp;utm_medium=PT&amp;utm_campaign=thepornguy
How to take care of your breasts with Anri Okita (Ignore the ad at the start),77,1523727014,nsfwasmr,OhFuckEh,https://www.pornhub.com/view_video.php?viewkey=ph59cff7f73fc1c
Anyone know who this is and where I can find more of her?,76,1537819782,nsfwasmr,DANTE_AU_LAVENTIS,https://www.pornhub.com/view_video.php?viewkey=ph5776c07b8e7e0
Wet T-Shirt ASMR - Moaning, Heavy Breathing,76,1554825367,nsfwasmr,Abakijade,https://www.pornhub.com/view_video.php?viewkey=ph5b04e485d93d8&amp;utm_source=Shark&amp;utm_medium=PT&amp;utm_campaign=Shark
ASMR RELAXING JOI - AUDITIVE AND VISUAL TREATS (ENG).,75,1531803287,nsfwasmr,AbscureAffinity,https://www.pornhub.com/view_video.php?viewkey=ph5afb05567dcde
EMILY - EROTIC ROOM SERVICE MASSAGE,75,1456229752,nsfwasmr,KaneHart,http://www.pornhub.com/view_video.php?viewkey=1920479792
Brookelynne Briar ASMR Ass Addiction,75,1564846939,nsfwasmr,Awerrowsni,https://www.pornhub.com/view_video.php?viewkey=ph5b1f3dbbbe2b7&amp;utm_source=thepornguy&amp;utm_medium=PT&amp;utm_campaign=thepornguy
Cute french girl, 2nd English JOI [Accent][Intentional][Porn],74,1518391665,nsfwasmr,sneakyfeats,https://www.pornhub.com/view_video.php?viewkey=ph5a7af2ee082de
Tandia ASMR Blowjob,74,1535837818,nsfwasmr,Geminey3,https://www.pornhub.com/view_video.php?viewkey=ph5b89a4a467429
ASMR AHEGAO,74,1562773666,nsfwasmr,Blazedson,https://www.pornhub.com/view_video.php?viewkey=ph5d25175487726&amp;utm_source=thepornguy&amp;utm_medium=PT&amp;utm_campaign=thepornguy
Lesbian teases her girl with a wartenburg wheel,74,1527927691,nsfwasmr,noob4life2,https://www.pornhub.com/view_video.php?viewkey=ph5abccb1750548
It's All About You This Time! Full version,74,1559769713,nsfwasmr,DrDollar,https://mega.nz/#!u0N1AaYS!99_iKM94RyltVHiOacTE6XS6pMTth5g6GrA6LQ19uu8
ASMR Gwen | Compilation Virtual Sex | Mouth Sounds | Ear Eating | Fucking Sounds | Clothing Haul,73,1500503818,nsfwasmr,ijustwantthemxrays,https://www.pornhub.com/view_video.php?viewkey=ph59404d7cd4d8f
Emanually Raquel ASMR Porn - I recommend 7:40,73,1525987790,nsfwasmr,Geminey3,https://www.pornhub.com/view_video.php?viewkey=ph5af37f635bd08
Prettykittymiaos new video,73,1450782307,nsfwasmr,Alex23Grig,http://www.pornhub.com/view_video.php?viewkey=ph56782df09ca5f
erotic asmr nurse role play,73,1537289897,nsfwasmr,Antbisque,https://www.pornhub.com/view_video.php?viewkey=ph58d1599970409&amp;1&amp;8&amp;utm_source=redditshare&amp;utm_medium=PT&amp;utm_campaign=redditshare
Fox Smoulder - ASMR JOI,73,1529478644,nsfwasmr,thes3xguy,https://www.pornhub.com/view_video.php?viewkey=ph5b01645c5c010
Handjob Techniques [Actually Relaxing] [Intentional porn],72,1486246445,nsfwasmr,eoctpac,http://www.pornhub.com/view_video.php?viewkey=ph583b59fba1c66
This woman sure gives tingles with her blowjob.,72,1436910096,nsfwasmr,Skynetto,http://www.pornhub.com/view_video.php?viewkey=ph558fcd8e5cb8d
The best unintentional I've ever seen: Tanner Mayes handjob,72,1466275469,nsfwasmr,El_Serpiente_Roja,http://www.pornhub.com/view_video.php?viewkey=267925045
GFE: Relaxing Evening JOI - Leah May,72,1562508277,nsfwasmr,PorcelainMarauder,https://www.pornhub.com/view_video.php?viewkey=ph5c837eb62430f
Bella Brookz - Erotic Hypnosis (Full HD) [2.3GB],72,1569095069,nsfwasmr,Q6kTiv3JuZNjfDPaiURQ,https://mega.nz/#!kzIAWKxL!RHg56g4rXpAlcOQlgrc-2rXOhz3MzILLEPY-Zyxrjv0
Good morning - POV Handjob and Blowjob,72,1570902137,nsfwasmr,GreenEyesPinkPussy-,https://mega.nz/#!eKQTFCAJ!Ix0MKfbRm7CcOAuqQ0fLO3h19usjRq-toH_ozm5YB-I
ASMR Massage 2 LailaLove,71,1505062874,nsfwasmr,kaotic12,https://www.pornhub.com/view_video.php?viewkey=ph591d2b9f3a313
Crystal Knight Cum 4 Times Sensual JOI Topless Tit Worship FemDom Goddess,71,1559018951,nsfwasmr,Bonelurker,https://www.pornhub.com/view_video.php?viewkey=ph5c2fb5b509ded
ASMR in the shower - Amadani,71,1516416792,nsfwasmr,TargaryenHeir,https://www.pornhub.com/view_video.php?viewkey=ph5a60f64ccb7bd
More from her, please!,71,1535384952,nsfwasmr,poppletonn,https://www.pornhub.com/view_video.php?viewkey=ph59b00dd833476
Adriana Robledo showing nips for a few seconds.,71,1558908564,nsfwasmr,throwawayblueline,https://www.pornhub.com/view_video.php?viewkey=ph5ce994c27208e
Downblouse and page flipping - while it‚Äôs a very staged video there are some unintentional tingles to be had,71,1565327710,nsfwasmr,canoaracha,https://www.pornhub.com/view_video.php?viewkey=ph5ce2a3ae3ca30
PrettyKittyMiaos -- PLAY MY WAY JOI/ASMR,71,1524861900,nsfwasmr,kujmous,https://www.pornhub.com/view_video.php?viewkey=ph5ae357e2c58d5
ASMR Rubbing Lotion on my Body.,71,1565624042,nsfwasmr,Keelinvelen,https://www.pornhub.com/view_video.php?viewkey=ph5cd4c4c794754&amp;t=6&amp;utm_source=galaxy&amp;utm_medium=PT&amp;utm_campaign=galaxy1
Girl masturbating in bed HQ sound [Squirting] [Solo],70,1434277754,nsfwasmr,Jordan011,http://www.pornhub.com/view_video.php?viewkey=1733369271
Girl in cat outfit masturbates (reposting as old link is dead),70,1477073502,nsfwasmr,avaslash,http://www.pornhub.com/view_video.php?viewkey=ph573d19962e2f0
Close up PIV sex [wet sounds] [soft moaning] [squirting] [min. background noise],70,1490294640,nsfwasmr,but_a_simple_petunia,http://www.pornhub.com/view_video.php?viewkey=ph5687efaa3ac31
Wet T-Shirt ASMR - Moaning, Heavy Breathing,70,1537532071,nsfwasmr,Awerrowsni,https://www.pornhub.com/view_video.php?viewkey=ph5b04e485d93d8&amp;t=6&amp;utm_source=thepornguy&amp;utm_medium=PT&amp;utm_campaign=thepornguy
Blowjob and ASMR! Ocean,70,1557296637,nsfwasmr,ninfando,https://www.pornhub.com/view_video.php?viewkey=ph5bb43a23e7902
Whispering V on Pornhub: ASMR Girlfriend Roleplay Perfect Tits,70,1474779785,nsfwasmr,BarStinson,http://www.pornhub.com/view_video.php?viewkey=ph57df7fdfaef66
Wet sloppy blowjob and deepthroat before bedtime [11:54],70,1537473732,nsfwasmr,Dirtyporky,https://www.pornhub.com/view_video.php?viewkey=ph5b9b557fdf87f
Listen. JOI english ASMR relax soft voice edging,69,1566149351,nsfwasmr,Awerrowsni,https://www.pornhub.com/view_video.php?viewkey=ph5a27049e50a7d&amp;t=3&amp;utm_source=thepornguy&amp;utm_medium=PT&amp;utm_campaign=thepornguy
Emanually Raquel Porn ASMR,69,1525509554,nsfwasmr,Geminey3,https://www.pornhub.com/view_video.php?viewkey=ph5aed090ff3a1e
Danika Mori - follow me challenge - nice accent and attention [x-post from /r/orgasmcontrol],68,1497331209,nsfwasmr,hellosexynerds,https://www.pornhub.com/view_video.php?viewkey=ph58fd102f02970
Sexy Latina Tascam JOI,68,1532658916,nsfwasmr,Geminey3,https://www.pornhub.com/view_video.php?viewkey=ph5b591d992a5c1
Tori Whispers (NSFW ASMR Audio) - Enjoy with your Ears.,68,1555689810,nsfwasmr,deaf12dbz,https://mega.nz/#F!rixiSIRb!-WVRsgQEnThAZV7fvaMU_A
Trish Collins Asisted Masturbation 2 ASMR,68,1572645326,nsfwasmr,LilithAhegao,https://www.pornhub.com/view_video.php?viewkey=ph5d9640ba32864
Girlfriend Roleplay ASMR Intimate Soft Moaning,68,1571653686,nsfwasmr,pornxt,https://www.pornhub.com/view_video.php?viewkey=ph5dab8edb78216&amp;t=4&amp;utm_source=pg-reddit&amp;utm_medium=pg
Emily Bloom gets a 16-hand massage [Hegre Art],67,1433860030,nsfwasmr,imbajunrop,http://www.pornhub.com/view_video.php?viewkey=280107679
Girl sits on Girl2,67,1492123375,nsfwasmr,but_a_simple_petunia,https://www.pornhub.com/view_video.php?viewkey=ph585a57282d9b9
ASMR Breast Massage with Oil,67,1569685183,nsfwasmr,GreenEyesPinkPussy-,https://mega.nz/#!2D4GDYyb!AxBTfNua_WoECGyllU0EGf56rUeQ1dS0jirZxTfi97M
Amateur in D. Va cosplay giving a blowjob,67,1488580552,nsfwasmr,Eternal_Cock,http://www.pornhub.com/view_video.php?viewkey=ph58b991e210501
ASMR Brazilian Erotic Sexy Girl JOI JERK OFF CUM TITS PUNHETA CONTROLADA,67,1531188460,nsfwasmr,Geminey3,https://www.pornhub.com/view_video.php?viewkey=ph5b43de6099841
Saffron Bacchus Daphne Cosplay,67,1536339275,nsfwasmr,PurpleBradel,https://www.pornhub.com/view_video.php?viewkey=ph561da05042625&amp;1&amp;utm_source=redditshare&amp;utm_medium=PT&amp;utm_campaign=redditshare
Sloppy. Breathy. Close-up. Goddess.,67,1557791487,nsfwasmr,ZukoBlyat,http://pornhub.com/view_video.php?viewkey=ph5bdf5fa87e702&amp;t=5
ASIAN YouTuber tries ASMR triggers in a SEXY red BRA,67,1561550145,nsfwasmr,Blazedson,https://www.pornhub.com/view_video.php?viewkey=ph5d0a1dd1b2775&amp;utm_source=thepornguy&amp;utm_medium=PT&amp;utm_campaign=thepornguy
Huge dildo sucked and fucked,66,1536963962,nsfwasmr,BakaHentaiDesuNe,https://www.pornhub.com/view_video.php?viewkey=ph596e393bc0a18
ASMR Up-Close Sucking Kissing Licking,66,1571306118,nsfwasmr,Blazedson,https://www.pornhub.com/view_video.php?viewkey=ph5ceade507ee8e&amp;utm_source=pg-reddit&amp;utm_medium=pg
BellaBrookz - ASMR Girlfriend wont let you go to bed,66,1522022883,nsfwasmr,Alombary,https://www.pornhub.com/view_video.php?viewkey=ph59ee1f3c58b74
Erotic ASMR Massage Big Tits in Bra *Whisper + Lube* NSFW Youtuber,66,1525477209,nsfwasmr,RedditGifs182,https://www.pornhub.com/view_video.php?viewkey=ph5aece8908aeac
Fifth Element Leeloo Dallas Fucks Herself Hard - Pornhub.com,65,1499954658,nsfwasmr,KancerNSFW,http://www.pornhub.com/view_video.php?viewkey=ph595ba8538e3d9&amp;utm_source=androidSource&amp;utm_medium=androidMedium&amp;utm_campaign=androidCampaign&amp;utm_target=androidTarget
Appointment For A Wank,65,1527813269,nsfwasmr,jpatrich,https://www.pornhub.com/view_video.php?viewkey=ph5a5919571a6a2
Voldy ASMR Fullmetal Alchemist,65,1553995458,nsfwasmr,Hanndot,https://www.pornhub.com/view_video.php?viewkey=ph5c9bfb71976b9
Nurse gives relaxing close up handjob,65,1530062361,nsfwasmr,jpatrich,https://www.pornhub.com/view_video.php?viewkey=ph5aff24e7e5d43
Bella Brookz erotic ASMR,65,1563092234,nsfwasmr,Blazedson,https://www.pornhub.com/view_video.php?viewkey=ph5cf96db9526f8&amp;utm_source=pg-reddit&amp;utm_medium=pg
Schoolgirl Hayliexo Impregnation Fantasy [Softly Spoken, Southern Accent],65,1511499467,nsfwasmr,lol_no1,https://www.pornhub.com/view_video.php?viewkey=ph5793f42bb375e
Soria ASMR Cowgirl (Kissing, Nibbles, Licking),65,1557810786,nsfwasmr,Bonelurker,https://www.pornhub.com/view_video.php?viewkey=ph5b945a22b868e
Saffron Bacchus Daphne Cosplay,64,1498870648,nsfwasmr,Smoke_n_Stroke,https://www.pornhub.com/view_video.php?viewkey=ph561da05042625
Anastasia Rose - Just ASMR Daddy JOI,64,1565031933,nsfwasmr,onlyherefornsfwwwwww,https://mega.nz/#!vapjEQjQ!PwSz7B__Mgwsgk5vs7JEqfkz5FLiHOstCp3FicVpZlw
Truth or Dare [Roleplay] [Whisper],64,1452063737,nsfwasmr,DopaTranslated,http://www.pornhub.com/view_video.php?viewkey=ph563aa0120f188
Mistress T Powerful JOI,64,1494070498,nsfwasmr,HardwoodDeck,https://www.pornhub.com/view_video.php?viewkey=ph58c673bd8381e
This is the kind of immersive shit we need in NSFW ASMR,64,1527664760,nsfwasmr,PM_ME_UR_REPORTCARD,https://www.pornhub.com/view_video.php?viewkey=ph5ace911d43309
ASMR Rubbing Lotion on my Body.,64,1562732761,nsfwasmr,SofiaMadis,https://www.pornhub.com/view_video.php?viewkey=ph5cd4c4c794754&amp;t=3&amp;utm_source=galaxy&amp;utm_medium=PT&amp;utm_campaign=galaxy1
Lots of triggers. Close-up whispering and kissing starting at 13:32.,64,1511209278,nsfwasmr,pacific99,https://www.pornhub.com/view_video.php?viewkey=ph59bf945fc77b7
Librarian JOI ASMR Triple Cumshot Edging,64,1563443296,nsfwasmr,Blazedson,https://www.pornhub.com/view_video.php?viewkey=ph5d06e439e7286&amp;t=10&amp;utm_source=thepornguy&amp;utm_medium=PT&amp;utm_campaign=thepornguy
ASMR is Awesome Collection (MEGA),64,1556877711,nsfwasmr,doctoresl,https://www.reddit.com/r/nsfwasmr/comments/bk6ov5/asmr_is_awesome_collection_mega/
Our new Queen. (slow teasing BJ) Serious tingles which I don't normally get,63,1459812061,nsfwasmr,zippednipple,http://www.pornhub.com/view_video.php?viewkey=ph56db67abd5a4c
ASMR ROLEPLAY SEXY BRAZILIAN GIRL BOSS ASMR EROTIC PORTUGUES CHEFE SAFADA,63,1527867733,nsfwasmr,Geminey3,https://www.pornhub.com/view_video.php?viewkey=ph5b0f4f2d5449e
Princessberpl Tit Fuck ASMR (ManyVids Video),63,1535260291,nsfwasmr,Geminey3,https://www.pornhub.com/view_video.php?viewkey=ph5b815bc46d81f
The *Grossery* store. ASMR first attempt. Real FRENCH.,63,1555592354,nsfwasmr,Abakijade,https://www.pornhub.com/view_video.php?viewkey=ph592f30178dbaa&amp;utm_source=Shark&amp;utm_medium=PT&amp;utm_campaign=Shark
LISTEN TO ME CUM - ASMR - KISSES, BREATHING, MOANING, SUCKING,63,1522434942,nsfwasmr,thirstyrando828,https://www.pornhub.com/view_video.php?viewkey=ph5aa9e74407050
ASIAN TEEN WITH AMAZING BOOBS [06:15] Fabric Sounds, slight mouth sounds, somewhat soft spoken,62,1472967718,nsfwasmr,AMthroughPM,http://www.pornhub.com/view_video.php?viewkey=ph575eda849231d
ASMR roleplay blowjob - Amadani,62,1517279627,nsfwasmr,TargaryenHeir,https://www.pornhub.com/view_video.php?viewkey=ph5a6e380adfb7d
A Cut Above The Rest (downblouse haircut joi),62,1475108041,nsfwasmr,SMRtho,http://www.pornhub.com/view_video.php?viewkey=ph576447aed1628
The MILFMaid‚Ñ¢ Cumpilation,62,1562594872,nsfwasmr,Stella_9,https://www.pornhub.com/view_video.php?viewkey=ph5cc84520466ea&amp;utm_source=Shark&amp;utm_medium=PT&amp;utm_campaign=Shark
Roleplay + Cosplay ASMR,62,1551326996,nsfwasmr,kolsbo,https://www.pornhub.com/view_video.php?viewkey=ph5c4e322c274dd&amp;utm_source=Shark&amp;utm_medium=PT&amp;utm_campaign=Shark
Last One For Now: FOR THE CULTURE!,62,1551776468,nsfwasmr,Superb_Detective,https://mega.nz/#!oswx1A6L!rBBo_edcFXa_6-JHoee-8yr45Mh0EyL60xAIMr3FTQo
Close-up Blowjob,61,1497621771,nsfwasmr,but_a_simple_petunia,https://www.pornhub.com/view_video.php?viewkey=94076493
ASMR2n4 | Chloe 13 - Shiny and Sheer (extended) (1080p),61,1532423253,nsfwasmr,enamulkhanbd,https://mega.nz/#!47AA0aLK!r1XwuI92bmpFlBGg3zpQnso9ni6VZy5oVbvn3Q31WQQ
Tia's feeding time (Lesbian Breast Sucking) [02:44],61,1479759128,nsfwasmr,Alpha-Complex,http://www.pornhub.com/view_video.php?viewkey=ph570afa178747a
Bella Brookz Sexy Nurse ASMR extended,61,1493678747,nsfwasmr,muk419,https://www.pornhub.com/view_video.php?viewkey=ph590528741072a
Teen pleasures herself, moaning sounds,60,1483332089,nsfwasmr,PM_Me_tittydrops,http://www.pornhub.com/view_video.php?viewkey=ph58472f18c669e
Bella [10 videos] [139 pics] [1.29 gb],60,1472634966,nsfwasmr,sabermix,https://mega.nz/#F!jMlyRLaS!LXWcmJVJqRw_L_fP3-V2AQ
This can be used,60,1562886299,nsfwasmr,boochyonko,https://www.pornhub.com/view_video.php?viewkey=ph5cfbf93885b06&amp;utm_source=share&amp;utm_medium=ios_app
Fertility Clinic Blowjob,59,1446140659,nsfwasmr,SMRtho,http://www.pornhub.com/view_video.php?viewkey=ph562974fbb7546
Horny nympho teen drains dick with her mouth,59,1492066778,nsfwasmr,but_a_simple_petunia,https://www.pornhub.com/view_video.php?viewkey=ph56eb03bca2088
Pillow [talking] [fabric sounds],59,1457117396,nsfwasmr,WeeMand,http://www.pornhub.com/view_video.php?viewkey=ph569b8482a3cb2
Girl strips and masturbates with you,59,1532800406,nsfwasmr,MohandisMacAli,https://www.pornhub.com/view_video.php?viewkey=ph597ae8a4d93d4&amp;utm_source=redditshare&amp;utm_medium=PT&amp;utm_campaign=redditshare
Hot Police Perfect Blowjob Cum in Mouth - Asmr - Policial Safadinha,59,1570952007,nsfwasmr,Blazedson,https://www.pornhub.com/view_video.php?viewkey=ph5d9e263e24148&amp;t=4&amp;utm_source=pg-reddit&amp;utm_medium=pg
