Title,score,date created, subreddit, author, url
FAPILICIOUS - FEATURING ANJELICA: I've never seen anything like this and it was amazing.,448,1525358897,joi,myfapaccount12345,https://www.pornhub.com/view_video.php?viewkey=ph5a157fb7de796
Pornhub JOI countdowns,402,1528867758,joi,bobsagget97,https://www.reddit.com/r/joi/comments/8qpxp5/pornhub_joi_countdowns/
Sasha Foxxx NAKED JOI! - i had no idea this existed,346,1527952563,joi,boobybootydudy,https://pt.pornhub.com/view_video.php?viewkey=ph591c03bb24523
The amazing Blanc Noir giving instructions,340,1552311834,joi,aodreman,https://www.pornhub.com/view_video.php?viewkey=ph5c57ddf28b9e5&amp;utm_source=Shark&amp;utm_medium=PT&amp;utm_campaign=Shark
This was so good, I am scared now that it will balance itself out and I will have to suffer for 3 months,336,1533248987,joi,MustShareThisJoi,https://de.pornhub.com/view_video.php?viewkey=ph5a0d8add4486c
Encouraging JOI with Aftercare [No Humiliation],322,1553903578,joi,Teeny_Ginger_18,https://www.pornhub.com/view_video.php?viewkey=ph5c9ea1e9abcb9
Please jerkoff so we can continue the piano lesson,309,1552781288,joi,smhopkins333,https://www.pornhub.com/view_video.php?viewkey=ph5c047ad1c7685&amp;utm_source=Shark&amp;utm_medium=PT&amp;utm_campaign=Shark
(My preferred joi, where girls want and beg for it),308,1490077806,joi,_kobebryant_,http://www.pornhub.com/view_video.php?viewkey=ph58cd454064f6c
Music Teacher's JOI - Teacher Makes You Jerk to the Beat,301,1530591957,joi,Sock_Account,https://www.pornhub.com/view_video.php?viewkey=ph5b1aa52fc904f
Amazing JOI omg,298,1537849765,joi,Turnitupaveir,https://www.pornhub.com/view_video.php?viewkey=ph5ba6e47b550e1
LP: 30 mins of Edging!,288,1531430754,joi,noobs_io,https://www.pornhub.com/view_video.php?viewkey=ph5b475c27588dd
Skype JOI,285,1524521240,joi,Sock_Account,https://www.pornhub.com/view_video.php?viewkey=ph5ace911d43309
The Ultimate jOI and Cum, who the hell is this girl??,267,1467765623,joi,Slugghorror,http://www.pornhub.com/view_video.php?viewkey=ph5778a613d0e90
My First JOI With Spunk,253,1492587128,joi,RebeccaStilles69,https://www.pornhub.com/view_video.php?viewkey=ph58f6aebee4ab2
Virtual fucking Wednesday Addams,252,1529227186,joi,That_one_Chooch,https://www.pornhub.com/view_video.php?viewkey=ph5a70db6e0326d
Two Girls Giving Instructions,251,1530283447,joi,SquirtingInThe90s,https://www.pornhub.com/view_video.php?viewkey=ph5acfc8a4cdbbb
Big collection.,250,1516529170,joi,JenSelterThrowaway,https://mega.nz/#F!DpBhgLrL!8MNZeLIsg6BdxqtZm49bfg
Best friend gives you JOI in her bathing suit,244,1529775068,joi,goldcoil,https://www.pornhub.com/view_video.php?viewkey=ph5b12e2a5f1f45
God damn. Who is she?,242,1553050688,joi,theslyr,https://www.pornhub.com/view_video.php?viewkey=ph5c7c2e3c7ac9a
Positive Jerk Off Instructions with Aftercare [No Humiliation] - TeenyGinger,242,1561605302,joi,JOI4life,https://www.pornhub.com/view_video.php?viewkey=ph5d141591eef23
Encouragement with no words,241,1497868917,joi,sanspainterly,https://www.pornhub.com/view_video.php?viewkey=ph593a4f9d94c56
PornHub is hosting a JOI contest!,237,1492337789,joi,MySneakAccount,https://www.reddit.com/r/joi/comments/65ogxp/pornhub_is_hosting_a_joi_contest/
Lily Ivy Meditation JOI,231,1528053003,joi,guyguy224,https://www.pornhub.com/view_video.php?viewkey=ph5b107ad57ba60
Devil and Angel,228,1458272746,joi,zipzapzoop8923,http://www.pornhub.com/view_video.php?viewkey=ph56ea3fe1a0533
My first JOI with a live prop ;) [F/18],226,1500518236,joi,Teeny_Ginger_18,https://www.pornhub.com/view_video.php?viewkey=ph596ecc9dc5e08
About as hot as it gets,222,1474186062,joi,probablyunhealthy,http://www.pornhub.com/view_video.php?viewkey=ph57c2a27d58f02
No Nut November has begun. Here's a challenge for you,220,1572585559,joi,OttselWithPants,https://www.pornhub.com/view_video.php?viewkey=ph5c102cc29c2d2
Two British Big Natural Titty Babes Want You To Jerk Off - Lauren Louise Marsh &amp; Friend(No Humiliation),217,1558520952,joi,ChiefJOI,https://www.pornhub.com/view_video.php?viewkey=ph5ce2a3ae51d6a
Happy JOI with Aftercare [OC][No Humiliation],217,1566346519,joi,Teeny_Ginger_18,https://www.pornhub.com/view_video.php?viewkey=ph5d5c592f29d49
Red Light Green Light,215,1417149602,joi,iusethisforbooty,http://www.pornhub.com/view_video.php?viewkey=1934235363
[Encouragement] Robin Mae encouraging you in sexy lingerie,214,1552933935,joi,FancyCog1990,https://pt.pornhub.com/view_video.php?viewkey=ph5a50f60622807
NEW BRYCI JOI w/Cum Countdown,214,1529441632,joi,boobybootydudy,https://pt.pornhub.com/view_video.php?viewkey=ph5b2955234efe8
More OC: Get Off with Me!,213,1502501346,joi,Teeny_Ginger_18,https://www.pornhub.com/view_video.php?viewkey=ph598e3ff523270
JOI ASMR relax soft voice edging, french accent,210,1512891188,joi,sneakyfeats,https://www.pornhub.com/view_video.php?viewkey=ph5a27049e50a7d
Sexy girlfriend gives a sexy joi/encouragement.,209,1529981059,joi,Therealjoyburger,https://www.pornhub.com/view_video.php?viewkey=ph5b2aa24343c87
Fantasy Confessions JOI,206,1492013634,joi,RebeccaStilles69,https://www.pornhub.com/view_video.php?viewkey=ph58ee457ae532b
Caught Jerking Off In Changing Room - Dont Stop I Wanna See You Stroke,206,1535886018,joi,lawful69,https://www.pornhub.com/view_video.php?viewkey=1896615946
Xev bellringer nurse backed up semen, one of the best.,206,1516067415,joi,Gypsycummer,https://www.pornhub.com/view_video.php?viewkey=ph5a5ba74cab18d
Hot for principal,205,1489783568,joi,zipzapzoop8923,http://www.pornhub.com/view_video.php?viewkey=ph58c456f248c92
Possibly my favourite JOI. Confusing and great. Anyone know anything similar?,202,1498040813,joi,Shatteredreamer,https://www.pornhub.com/view_video.php?viewkey=ph56ea3fe1a0533&amp;pkey=15119441
'Earn your release' - insanely good edging video with instructions, timers, and hot girls,196,1535784038,joi,nexen1,https://www.pornhub.com/view_video.php?viewkey=ph5b6a8633e9058
Best JOI I've seen so far,195,1422322689,joi,skankzr,http://www.pornhub.com/view_video.php?viewkey=1536033807
Best JOI ever,195,1558905094,joi,toffee_-_time,https://www.pornhub.com/view_video.php?viewkey=ph5ce01a3456f2b
This has got to be me favourite JOI of all time,195,1564487080,joi,YoursToDom,https://www.pornhub.com/view_video.php?viewkey=ph56081f0951c42
Hot Bryci JOI Game,193,1551697797,joi,arena2020,https://www.pornhub.com/view_video.php?viewkey=ph5aac03921307a&amp;t=4&amp;utm_source=thepornguy&amp;utm_medium=PT&amp;utm_campaign=thepornguy
Emily Lynne - Cum for me twice,192,1571674624,joi,LuraGreer,https://www.pornhub.com/view_video.php?viewkey=ph5d3b5f83a4f8b&amp;utm_source=ph-reddit&amp;utm_medium=ph
Intimate orgasm and JOI.,190,1501434614,joi,special14,https://www.pornhub.com/view_video.php?viewkey=ph5973058d3960e
Bunni Girl is here to Serve you Master! - Indigo White - Pornhub.com,189,1570928393,joi,jst4sxysnakespirits,https://www.pornhub.com/view_video.php?viewkey=ph5cad0857a4866
Encouraging JOI with Aftercare (no Humiliation),188,1555911803,joi,giannismafia,https://www.pornhub.com/view_video.php?viewkey=ph5c9ea1e9abcb9&amp;utm_source=Shark&amp;utm_medium=PT&amp;utm_campaign=Shark
Kimmy Granger Gets Home From School JOI,187,1561947073,joi,derhundisstdiekatze,https://www.pornhub.com/view_video.php?viewkey=ph5d195e0b57a6a
Let's get some actual instructions back into the subreddit. 30 Minute Edging JOI,185,1536400205,joi,slimynsfw,https://www.pornhub.com/view_video.php?viewkey=ph5b4cf4777038c
OUS sweetheart is back and better!,184,1461253470,joi,zipzapzoop8923,http://www.pornhub.com/view_video.php?viewkey=1077268907&amp;pkey=194451
GF skype call JOI [Encouragement],182,1467240641,joi,Ulmelen,http://www.pornhub.com/view_video.php?viewkey=ph577290b212a82
This got me good...,181,1480435273,joi,Samsporn,http://www.pornhub.com/view_video.php?viewkey=645680624
Girlfriend encouragement.,178,1533321366,joi,pleini,https://www.pornhub.com/view_video.php?viewkey=ph5b2685e83b7a3
My first ever JOI, enjoy,178,1527104523,joi,goddessnickii,https://www.pornhub.com/view_video.php?viewkey=ph5b048eb535cf1
Lilcanadiangirl police officer JOI will make you unload buckets,177,1523123548,joi,dalkernative,https://www.pornhub.com/view_video.php?viewkey=ph5ab9d83b49969
Mother strips for sons schoolmate,173,1495652005,joi,smurf713,https://www.pornhub.com/view_video.php?viewkey=ph58f3443042dd9
Hd version of a classic,,173,1535000770,joi,fuckin_wayshegoes,https://www.pornhub.com/view_video.php?viewkey=ph5b2890e021cdf
Lessons from the legendary Sasha Grey,168,1550550363,joi,SlimJones12,https://www.pornhub.com/view_video.php?viewkey=ph579fcd4011cde&amp;utm_source=Shark&amp;utm_medium=PT&amp;utm_campaign=Shark
holy shit,167,1490762708,joi,xWes,http://www.pornhub.com/view_video.php?viewkey=ph58b7c8c905754
AMAZING! Try Not To cum,167,1569014739,joi,Neagnisindahouse,https://www.pornhub.com/view_video.php?viewkey=ph5d854008e9e7e
"Did You Cum Inside My Pussy?" Dirty Talk Petite Naked Asian Gamer JOI!!!,165,1509853948,joi,Augustus1102,https://www.pornhub.com/view_video.php?viewkey=ph597f1827309f3
Intimate orgasm and JOI,164,1524591457,joi,muff_enthusiast,https://www.pornhub.com/view_video.php?viewkey=ph5973058d3960e
Young Riley Reid wants you to follow her instructions carefully,163,1551937882,joi,aodreman,https://www.pornhub.com/view_video.php?viewkey=ph5a2100e39f0b7&amp;utm_source=Shark&amp;utm_medium=PT&amp;utm_campaign=Shark
edv,162,1571373128,joi,AsspocalypseV2,https://mega.nz/#F!Sv43VCYD!i9eIdvX977H37mNLr7rRiw
PM_Your_Pokemon_Team JOI,161,1501846007,joi,chloezcat,https://www.pornhub.com/view_video.php?viewkey=ph597ae8a4d93d4
Really good one.,161,1568746231,joi,multibearsfan54,https://www.pornhub.com/view_video.php?viewkey=ph5d4e688b3bebe
Bryci wants to be your personal sex toy in the office,161,1551543813,joi,smhopkins333,https://www.pornhub.com/view_video.php?viewkey=ph5ac96195c900b&amp;utm_source=Shark&amp;utm_medium=PT&amp;utm_campaign=Shark
She seems pretty adamant about following her instructions,160,1551326895,joi,Randy2099,https://www.pornhub.com/view_video.php?viewkey=ph5a87c3b1daa6f&amp;utm_source=Shark&amp;utm_medium=PT&amp;utm_campaign=Shark
TEDDY CHAN HELPS YOU JERK OFF! - INDIGO WHITE,159,1557942203,joi,TheOneAndEoinly,https://www.pornhub.com/view_video.php?viewkey=ph5cc8b5114e491
Remember me...? (Julie Snow) I made it to PornHub finally! Here is Perfectionist Mom JOI in case you never saved it off Erome....,158,1566947568,joi,NE146,https://www.pornhub.com/view_video.php?viewkey=ph5d65b3a0a5e67
Ashley BEST Joi - First Wedding Night,158,1565695513,joi,pornxt,https://www.pornhub.com/view_video.php?viewkey=ph5d515c045737b&amp;utm_source=pg-reddit&amp;utm_medium=pg
Pornhub JOI Playlist,157,1527889974,joi,notkristo,https://www.pornhub.com/playlist/50031291
I know we're just friends... but we both want more. (X-post to r/myChippyLipton) [OC],157,1504389652,joi,ChippyLipton,https://www.pornhub.com/view_video.php?viewkey=ph59ab1dcce01eb
Two friendly cum thirsty slut kittens encourage you to jerk off. Let the kitties have your milk!,156,1558261805,joi,ChiefJOI,https://www.pornhub.com/view_video.php?viewkey=ph5c81a1244d480
BlancNoir - JOI with dildo,156,1483261008,joi,LethalOreo,http://www.pornhub.com/view_video.php?viewkey=ph584a36b52bcea
Asa Akira's best ever JOI?,156,1512846912,joi,reginaldpfoofta,https://www.pornhub.com/view_video.php?viewkey=ph5a11d8e404476
Alexa pearl BEST jerk off instructions,155,1556636115,joi,sverev88,https://www.pornhub.com/view_video.php?viewkey=ph5cc1753aeddcd&amp;utm_source=thepornguy&amp;utm_medium=PT&amp;utm_campaign=thepornguy
Nonstop stroking, can you do it? I couldn't,155,1569270642,joi,bmestudent19,http://www.pornhub.com/view_video.php?viewkey=ph5d6bed43b65d5#1
Non-Humiliating Anal JOI,155,1557495429,joi,sverev88,https://www.pornhub.com/view_video.php?viewkey=ph5c3e702e40280&amp;t=4&amp;utm_source=thepornguy&amp;utm_medium=PT&amp;utm_campaign=thepornguy
Rock, Paper, Scissors JOI Game,155,1562584930,joi,throughst,https://www.pornhub.com/view_video.php?viewkey=ph5d1b04fe22b3e
Amateur gives her instructions,155,1552885102,joi,gprice1148,https://www.pornhub.com/view_video.php?viewkey=ph5c4479e622948&amp;utm_source=Shark&amp;utm_medium=PT&amp;utm_campaign=Shark
Short JOI: Your Sexy Russian Kitty Wants You to Cum (English Subtitles),153,1552501594,joi,OttselWithPants,https://www.pornhub.com/view_video.php?viewkey=ph5c7803ba582c2
Hot Teacher JOI,153,1537477135,joi,forlaterusesave,https://www.pornhub.com/view_video.php?viewkey=ph5b6b182a5a2fa
Innocent Little Girl Tells You How to Jerk Off - Dildo JOI Countdown,152,1529866252,joi,spankmehard22,https://www.pornhub.com/view_video.php?viewkey=ph59bc07fb3a0a4&amp;utm_source=thepornguy&amp;utm_medium=PT&amp;utm_campaign=thepornguy
Larkin Love Power Girl JOI. Larkin Love has been uploading to pornhub!,152,1523670582,joi,_Comments_on_NSFW_,https://www.pornhub.com/view_video.php?viewkey=ph5a54311b662d6
Alix and Nicole make sure you jerk off while they watch,151,1556582848,joi,cdjproject,https://www.pornhub.com/view_video.php?viewkey=ph5cb433710e823
Clara Dee tries not to cum watching a JOI by Lil Olivia (Jerk Off Games),151,1563920337,joi,FancyCog1990,https://pt.pornhub.com/view_video.php?viewkey=ph5d1e3a0dc6c4e
Tori Black Nurse JOI,149,1554870821,joi,sudhasutnu,https://www.pornhub.com/view_video.php?viewkey=ph5b092039e63fb
"Girlfriend JOI" from last year is on Pornhub now, I've never given this one away before. Hope to get your (f)approval. lol (Amateur OC),148,1567385005,joi,NE146,https://www.pornhub.com/view_video.php?viewkey=ph5d6c5b4aadb63
Remember that ''JOI of the year'' video 3 weeks ago ? Well, there is the virtual sex one with the same girls.,147,1449972748,joi,Ellianoln,http://www.pornhub.com/view_video.php?viewkey=ph5602b31d9c513
Xev Bellringer- Baby Sitter Tucks you in,147,1429335147,joi,panties-x,http://www.pornhub.com/view_video.php?viewkey=1233488011
Not ‚Äúexactly‚Äù Joi, but loads of sexy talk and encouragement- Sexy Chick Orgasm Selfie Video - [13:07],147,1531148211,joi,user_setting,https://www.pornhub.com/view_video.php?viewkey=ph5b0936d1b0b8c
Busty Brunette Jerk Off Instructions,147,1553597245,joi,WillIWank,https://www.pornhub.com/view_video.php?viewkey=ph5b71a49b302ee&amp;t=2&amp;utm_source=thepornguy&amp;utm_medium=PT&amp;utm_campaign=thepornguy
Roommate Joi,147,1557406857,joi,sverev88,https://www.pornhub.com/view_video.php?viewkey=ph5cd36229d6fbc&amp;t=40&amp;utm_source=pg-reddit&amp;utm_medium=pg
Sister friend JOI,147,1559079345,joi,Awerrowsni,https://www.pornhub.com/view_video.php?viewkey=ph5cda73f480b0e&amp;utm_source=thepornguy&amp;utm_medium=PT&amp;utm_campaign=thepornguy
Larkin Love Huge Wet Tits JOI Cum Countdown,146,1566506631,joi,porn4m,https://www.pornhub.com/view_video.php?viewkey=ph5d3ed55f27b8f
Honey Gold JOI,146,1571464509,joi,NYR4Ever,https://www.pornhub.com/view_video.php?viewkey=ph5d72e9ba4091e
JOI Mistress Wants Your Cum,145,1530006725,joi,TheOneAndEoinly,https://www.pornhub.com/view_video.php?viewkey=ph5b09c96f56bfd
AS megapack,145,1563221996,joi,Jezeku,https://mega.nz/#F!2IhGVQ7Z!SD7eTbNco1LuENComd1d5w
Tara Tainton MegaPack 453 JOI Videos,143,1497229366,joi,[deleted],https://www.reddit.com/r/joi/comments/6gp2x5/tara_tainton_megapack_453_joi_videos/
[Request] JOI with fake cum dildo like this video,142,1485698988,joi,throwaway7492013,http://www.pornhub.com/view_video.php?viewkey=ph585bd15320fcd
Worship her amazing curves as she gives you a cum countdown,142,1569862903,joi,Ridercarton,https://www.pornhub.com/view_video.php?viewkey=ph599f08d00832d&amp;8&amp;4&amp;pkey=123717432&amp;utm_source=Pornhelper&amp;utm_medium=PT&amp;utm_campaign=Pornhelper
I'm a 30-year industry veteran editor &amp; I make porn comps in my spare time. Here is one of my JOI videos, I hope you enjoy.,141,1564706352,joi,HydroEdits,https://www.pornhub.com/view_video.php?viewkey=ph59596c37eaf6e
Exceptionally cute, genuine and sweet with a great countdown.,141,1562541026,joi,1233amthrowaway,https://www.pornhub.com/view_video.php?viewkey=ph5d20e7c1dc9b4
August Ames In Bikini JOI,140,1496176742,joi,MiketreyF,https://www.pornhub.com/view_video.php?viewkey=ph58fedfa1e6fff
Asian JOI,140,1505628047,joi,JOI_Throws,https://www.pornhub.com/view_video.php?viewkey=ph59a2d0f14e551
When your car breaks down and Riley Reid helps you while she's home alone,140,1551146555,joi,Michelineassiter,https://www.pornhub.com/view_video.php?viewkey=599448015&amp;7&amp;utm_source=Shark&amp;utm_medium=PT&amp;utm_campaign=Shark
Gym slut gives you her workout instructions,140,1558851764,joi,naturelovers,https://www.pornhub.com/view_video.php?viewkey=ph5ccdcff3c8801&amp;utm_source=Shark&amp;utm_medium=PT&amp;utm_campaign=Shark
Can someone post the full version of this,139,1567833105,joi,litttyy,https://www.pornhub.com/view_video.php?viewkey=ph5d5166520a7b2
Clara tries not to Cum - do you think she can Resist?,139,1556324725,joi,Neagnisindahouse,https://es.pornhub.com/view_video.php?viewkey=ph5cc3940c41293
Mia Malkova JOI hottest ever!,139,1465174373,joi,Slugghorror,http://www.pornhub.com/view_video.php?viewkey=ph5750e2b137ff4
Choke me daddy. Let me be your slut for one day. JOI. Deepthroat. Spanking.,138,1525055254,joi,Darth_Blazer,https://www.pornhub.com/view_video.php?viewkey=ph5ae46603bdb32
hot blonde JOI,138,1488742839,joi,NSFWalt33,http://www.pornhub.com/view_video.php?viewkey=ph5891eb6395250
A Bunch of Random Videos,138,1523059757,joi,Soul_and_Syrup,https://mega.nz/#F!zroFDa5K!e9nseZdAJDf-Zo3F82DWMA
M√≠ss Brook3 naughty church girl ( 30 Br√≥ok and Mar√≠e videos in comments ),137,1498938314,joi,JoiP0rn,https://de.pornhub.com/view_video.php?viewkey=ph55c1e59c0d46a
The BEST JOI I have ever seen! OMG it's so crazy!,137,1471180625,joi,Ilikebigtits69,http://www.pornhub.com/view_video.php?viewkey=557424538
Brookelynne - Can You Cum Twice In 2 Min,137,1531222448,joi,goldcoil,https://www.pornhub.com/view_video.php?viewkey=ph59017a2b07141
Encouraging anal joi, great if you want to do ass play and don‚Äôt want to be demeaned,137,1533877959,joi,Megaporn96,https://www.pornhub.com/view_video.php?viewkey=ph5ad6619960edc
No nonsense, just straight up JOI, by a redditor.,136,1428241374,joi,[deleted],http://www.pornhub.com/view_video.php?viewkey=2058175224
Bryci - 3 Cum Countdown in 15 minutes,136,1456961017,joi,jamesbn,http://www.pornhub.com/view_video.php?viewkey=ph56d76f5d81f1f
Caught Jerking Off In Changing Room - Dont Stop I Wanna See You Stroke,135,1416805925,joi,ppffmm,http://www.pornhub.com/view_video.php?viewkey=1896615946
WankItNow Playlist,135,1488391285,joi,Erectus69,http://www.pornhub.com/playlist/310851
Brookelynne Briar Speed Challenge - Can you Come Twice in Two Minutes VERY HARD!,135,1493639483,joi,Madman644,https://www.pornhub.com/view_video.php?viewkey=ph59017a2b07141
Encouragement - Cute Little Stepsister Convinces You to Play with Her,135,1553895872,joi,OttselWithPants,https://www.pornhub.com/view_video.php?viewkey=ph5c102cc29c2d2
Cum In My Mouth! [OC],135,1534568397,joi,Teeny_Ginger_18,https://www.pornhub.com/view_video.php?viewkey=ph5b7750fde0086
[OC] Cum With Me! (JOI),134,1510155938,joi,Teeny_Ginger_18,https://www.pornhub.com/view_video.php?viewkey=ph59ffb5d515be4
JOI Handjob and Mouth Play,133,1523216367,joi,glilly23,https://www.pornhub.com/view_video.php?viewkey=ph5ac73f04c8cd6
If this girl can find a way to look at the camera, 10/10,132,1525962836,joi,3cool5sqwertyu,https://www.pornhub.com/view_video.php?viewkey=ph5accd8ba6ac0c
Nothing like starting off a morning with Arwen telling how to jack off,132,1556109944,joi,arena2020,https://www.pornhub.com/view_video.php?viewkey=ph5c784c193ccd3&amp;t=4&amp;utm_source=pg-reddit&amp;utm_medium=pg
Intimate Masturbation Encouragement,132,1537234471,joi,Narzman,https://www.pornhub.com/view_video.php?viewkey=ph5b3cf101b1e2c
Blond gf wants you to jerk off while she gets fucked,132,1518825836,joi,Time4Pron,https://www.pornhub.com/view_video.php?viewkey=ph594c2f044380b
"Did You Cum Inside My Pussy?" Dirty Talk Petite Naked Asian Gamer JOI!!!,132,1532787954,joi,AmbroseOrmes,https://www.pornhub.com/view_video.php?viewkey=ph597f1827309f3&amp;utm_source=redditshare&amp;utm_medium=PT&amp;utm_campaign=redditshare
Sex Therapist Makes You Cum JOI,131,1556492198,joi,HeadsUp7Up11,https://www.pornhub.com/view_video.php?viewkey=ph5b2af35879ef5
Jerk Off For Me (JOE) [6:48],131,1508539615,joi,Teeny_Ginger_18,https://www.pornhub.com/view_video.php?viewkey=ph59ea691835f8e
Blanc Noir - JOI Cum,131,1552727249,joi,WillIWank,https://www.pornhub.com/view_video.php?viewkey=ph5c57ddf28b9e5&amp;t=6&amp;utm_source=pg-reddit&amp;utm_medium=pg
Teddy chan helps you JERK OFF - INDIGO WHITE.,130,1559516647,joi,AdvancedSurvey,https://www.pornhub.com/view_video.php?viewkey=ph5cc8b5114e491&amp;t=02&amp;utm_source=galaxy&amp;utm_medium=PT&amp;utm_campaign=galaxy
Summer Hart High Quality JOI Video,130,1560860564,joi,Vmn63,https://pt.pornhub.com/view_video.php?viewkey=ph5ca63429d8bac
Damn Hot Dirty Talking By Nerdy Girlfriend - JOI,130,1471973424,joi,letmewhipthisout,http://www.pornhub.com/view_video.php?viewkey=ph572b58a24679e
‚ÄúJerk your cack to my bahdy‚Äù,130,1572698100,joi,Upper_Downer,https://www.pornhub.com/view_video.php?viewkey=ph5bd5daf756bcc
Raylene - I Caught You In My Own House,129,1500211481,joi,TheCollectorX,https://www.pornhub.com/view_video.php?viewkey=1463085269
Red Light, Green Light JOI [No Humiliation],129,1569600587,joi,Teeny_Ginger_18,https://www.pornhub.com/view_video.php?viewkey=ph5d8e286dbe430
GIVING YOU THE ULTIMATE JOI &amp; CUM,129,1528350289,joi,aniesboobs,https://www.pornhub.com/view_video.php?viewkey=ph590d832d84e9a
I just posted a full length jerk off encouragement clip! Enjoy!,129,1529110086,joi,CandyGlitter,https://www.pornhub.com/view_video.php?viewkey=ph5b2452b57e2d2
I Want to Play a Game by Clara Dee - now FREE on Pornhub!,129,1562605517,joi,Clara_dee,https://www.pornhub.com/view_video.php?viewkey=ph5d1e38481ce0b
10 minutes JOI from Riley Reid,128,1502039209,joi,biboy77,https://www.pornhub.com/view_video.php?viewkey=ph58285bfdeedfe
18yo Asian Chinese Student Talks Dirty to you,128,1554262503,joi,naturelovers,https://www.pornhub.com/view_video.php?viewkey=ph5c0debaea4fde&amp;utm_source=Shark&amp;utm_medium=PT&amp;utm_campaign=Shark
Alexa Pearl JOI / Encouragement,128,1559397484,joi,nauticanautica,https://www.pornhub.com/view_video.php?viewkey=ph5cc1753aeddcd
Follow my instructions (oc),128,1523829288,joi,PunkBiBiBi,https://www.pornhub.com/view_video.php?viewkey=ph5ad3c06c94f91
Break up Sex with your best Friend - Pornhub.com,128,1570589258,joi,jst4sxysnakespirits,https://www.pornhub.com/view_video.php?viewkey=ph5d68c3781bad0&amp;pkey=3344851
Asa Akira shows why she's the best instructors ever,128,1554693991,joi,naturelovers,https://www.pornhub.com/view_video.php?viewkey=ph5b4b46f0df81f&amp;utm_source=Shark&amp;utm_medium=PT&amp;utm_campaign=Shark
Lesbians JOI,127,1496782279,joi,JOI_Throws,https://www.pornhub.com/view_video.php?viewkey=ph5934efd094a64
Cheating with your Teen Neighbor - Pornhub.com,127,1524793307,joi,jst4sxysnakespirits,https://www.pornhub.com/view_video.php?viewkey=ph5aceaa70a9f82
Breathplay JOI is underrated,126,1568304396,joi,McDickenballs,https://www.pornhub.com/view_video.php?viewkey=ph5c9da8d742cc3
Haven't seen this one here yet.,126,1494228596,joi,killer1243,https://www.pornhub.com/view_video.php?viewkey=ph58dd50be1077a
Arab Hijab JOI by big titty Middle Eastern girl Violet Myers,126,1558088572,joi,ChiefJOI,https://www.pornhub.com/view_video.php?viewkey=ph5cb75d5e0ee3b
Mistress Addi - 30 Minute Edging JOI From Little Goddess,126,1531846768,joi,NoWankingNoLife,https://www.pornhub.com/view_video.php?viewkey=ph5b4cf4777038c
Sexy jerk off sister,124,1506607168,joi,linuspersson,https://www.pornhub.com/view_video.php?viewkey=ph59924d00323f6
Riley Reid Shares Her Secret With You,124,1556254631,joi,giannismafia,https://www.pornhub.com/view_video.php?viewkey=ph5740b231b7df6&amp;utm_source=Shark&amp;utm_medium=PT&amp;utm_campaign=Shark
HOT Bryci JOI tits out,124,1558449557,joi,Awerrowsni,https://www.pornhub.com/view_video.php?viewkey=ph5cae682d9ef0d&amp;t=8&amp;utm_source=pg-reddit&amp;utm_medium=pg
Hot, Simple JOI,123,1560449952,joi,richardcallahan,https://www.pornhub.com/view_video.php?viewkey=ph5ce4845074085
Sex Therapist makes you Cum,122,1556411755,joi,mc544898,https://www.pornhub.com/view_video.php?viewkey=ph5b2af35879ef5&amp;utm_source=Shark&amp;utm_medium=PT&amp;utm_campaign=Shark
(Julie Snow Amateur OC) I recorded "Embarrassed Yoga Goddess JOI" last night, hope you all aren't sick of me yet. CEI coming later today.,122,1570466869,joi,NE146,https://www.pornhub.com/view_video.php?viewkey=ph5d9b5dd78ab3d
Stroke and edge marathon,122,1553752176,joi,rmdv69,https://www.pornhub.com/view_video.php?viewkey=ph5c9899d905f09&amp;utm_source=Shark&amp;utm_medium=PT&amp;utm_campaign=Shark
Riley HOT Secretary JOI,122,1563443573,joi,Blazedson,https://www.pornhub.com/view_video.php?viewkey=ph5cf53ad747204&amp;utm_source=thepornguy&amp;utm_medium=PT&amp;utm_campaign=thepornguy
Boss JOI - Pornhub.com,121,1497385751,joi,Alecd123,https://www.pornhub.com/view_video.php?viewkey=ph591395d153cbe
Asian JOI Job Interview,121,1554615879,joi,hannahgonewild1,https://www.pornhub.com/view_video.php?viewkey=ph5bc2a58153caf&amp;utm_source=chimcanhcut&amp;utm_medium=PT&amp;utm_campaign=chimcanhcut
PY &amp; PY Inside JOI,121,1565623300,joi,Awerrowsni,https://www.pornhub.com/view_video.php?viewkey=ph5d1bcbd6cc9d8&amp;utm_source=thepornguy&amp;utm_medium=PT&amp;utm_campaign=thepornguy
Babysitter talking dirty with the incredible Shyla Jennings,121,1558188999,joi,ssatchis,https://www.pornhub.com/view_video.php?viewkey=ph5c0a931975c31&amp;5&amp;6&amp;utm_source=redditshare&amp;utm_medium=PT&amp;utm_campaign=redditshare
COSPLAY BABE VELMA SCOOBY DOO JOI, JERK OFF INSTRUCTION PUNHETA GUIADA BBC,121,1559361087,joi,Augustus1102,https://www.pornhub.com/view_video.php?viewkey=ph5c896547d5164
Two girls Joi playlist,121,1568927020,joi,gsoul69,https://www.pornhub.com/playlist/122806901
Holy fuck this is hot. Anymore of her/like this?,121,1508899386,joi,lucky_dude,https://www.pornhub.com/view_video.php?viewkey=ph59c8a88fe0a3b
StepMom Strokes your Cock until you Bust - Pornhub.com,121,1533071922,joi,zmt2017,https://www.pornhub.com/view_video.php?viewkey=ph5af85d93e51fd
Therapist joi,120,1550519685,joi,Awerrowsni,https://www.pornhub.com/view_video.php?viewkey=ph5b6b05b15b71d&amp;utm_source=thepornguy&amp;utm_medium=PT&amp;utm_campaign=thepornguy
TRY NOT TO CUM - HOT!!,120,1551640185,joi,Neagnisindahouse,https://es.pornhub.com/view_video.php?viewkey=ph5c7bdfa9ee9b7
Follow the instructions and cum on Her boobs,119,1553725718,joi,arena2020,https://www.pornhub.com/view_video.php?viewkey=ph5c780fb42b345&amp;t=10&amp;utm_source=pg-reddit&amp;utm_medium=pg
Really good amateur JOI,119,1558675869,joi,richardcallahan,https://www.pornhub.com/view_video.php?viewkey=ph5ce6127317ca8
serve yourself,118,1528640586,joi,sverev88,https://www.pornhub.com/view_video.php?viewkey=ph5a5bc35c8331b&amp;utm_source=thepornguy&amp;utm_medium=PT&amp;utm_campaign=thepornguy
I Like it When You Watch Me (JOI),118,1552443461,joi,Teeny_Ginger_18,https://www.pornhub.com/view_video.php?viewkey=ph5c57a6807aacc
Virtual Sex while studying with Amarna Miller &amp; Veruca James,117,1560839095,joi,CameleonFreak,https://de.pornhub.com/view_video.php?viewkey=ph5d0831254d17f
Compilation with countdown - Very well done, not just random scenes thrown together.,116,1500664029,joi,mypornoaccountxxx,https://www.pornhub.com/view_video.php?viewkey=ph571333595050f
JOI from your toned workout partner,116,1565061996,joi,carpephallus,https://www.pornhub.com/view_video.php?viewkey=ph5d21ed09bafce
JOI From A Loving Girlfriend [7:51],116,1513034329,joi,Teeny_Ginger_18,https://www.pornhub.com/view_video.php?viewkey=ph5a2ee0461a8d0
BACKTOSCHOOL2019 JOI - Teacher caught u reading a porn mag.,116,1567114589,joi,TobbyPetty,https://www.pornhub.com/view_video.php?viewkey=ph5d5eb7906f105
PAWG Ass Worship Jerk Off For Me!! All About Booty - Emily Lynne,115,1569798627,joi,JOI4life,https://www.pornhub.com/view_video.php?viewkey=ph5d8fd81775aa3
Work place JOI,115,1556712431,joi,NSFjerk,https://www.pornhub.com/view_video.php?viewkey=ph5b440937512f7
CUM FOR ME, NOT YOUR WIFE | JOI HOMEWRECKER COUNTDOWN,115,1567779531,joi,MundaneChart,https://www.pornhub.com/view_video.php?viewkey=ph5d71a30904204
"Saffron Says" One of the best orgasms I've ever had, she's one of a kind! &lt;3,114,1487832732,joi,ecuas2112,http://www.pornhub.com/view_video.php?viewkey=ph57fe86ea8e26e
Joi Just For You,114,1556958757,joi,arena2020,https://www.pornhub.com/view_video.php?viewkey=ph594a99112a301&amp;utm_source=pg-reddit&amp;utm_medium=pg
Amber Hahn... OH MY GOD!,114,1479632217,joi,Malakai_Abyss,http://www.pornhub.com/view_video.php?viewkey=1768864565
Goddess Christina Collection 98 Videos,114,1496446676,joi,jami877,http://www.xopenload.com/xxx/6722/goddess-christina-megapack.html
A Little Dark but Extremely Hot Joi,114,1563301063,joi,mrprofessor888,https://www.pornhub.com/view_video.php?viewkey=ph5af32341e0693
GORGEOUS MODEL-LIKE GIRL MASTURBATES WHILE GIVES YOU JOI,114,1511858528,joi,askiart,https://www.pornhub.com/view_video.php?viewkey=ph5882ed89918e4
Hot and Quick,113,1492317252,joi,josephhh76,https://www.pornhub.com/view_video.php?viewkey=ph563c0a0e82f8b
You fucked up your construction job and now your boss, Beth Dee, is gonna fuck you up - WIN JOI - On The Job - 10min,113,1528591832,joi,MrRobertHouse,https://www.pornhub.com/view_video.php?viewkey=ph57044ab9f02ce
Ashley Alban: Ass JOI for Her Pornhub Fam (Includes 1080p download link),112,1505046244,joi,throwaway7492013,https://www.pornhub.com/view_video.php?viewkey=ph59b374ccf03c4
Hot joi while riding on Sybian,112,1527543238,joi,user_setting,https://www.pornhub.com/view_video.php?viewkey=ph5a296af7d72ba
Lessons from the legendary Sasha Grey,112,1553185438,joi,CuddlyIfall,https://www.pornhub.com/view_video.php?viewkey=ph579fcd4011cde&amp;5&amp;4&amp;utm_source=redditshare&amp;utm_medium=PT&amp;utm_campaign=redditshare
No Makeup JOI,112,1552264206,joi,WillIWank,https://www.pornhub.com/view_video.php?viewkey=ph5c41d6281a69f&amp;utm_source=pg-reddit&amp;utm_medium=pg
this is great, really hot girl who really gets into the role,112,1510105104,joi,deviant_disciple,https://www.pornhub.com/view_video.php?viewkey=ph59cf022e2f872
Prostate massage JOI,112,1536442650,joi,Herpyjerky88,https://www.pornhub.com/view_video.php?viewkey=ph5b0af1c9c9d02
Do you enjoy jerking off to French?,112,1572999544,joi,JulyNovemberXXX,https://www.pornhub.com/view_video.php?viewkey=ph5dbc6dee64408
Blonde British girl Chloe Toy Joi fantastic,111,1473316525,joi,disposable1028,http://www.pornhub.com/view_video.php?viewkey=ph56bf6a0b974c1
More from her, please!,111,1535384881,joi,poppletonn,https://www.pornhub.com/view_video.php?viewkey=ph59b00dd833476
Everyone's Favorite Sisters! (ok maybe not everyones...),111,1564953906,joi,MySneakAccount,https://mega.nz/#F!BeJUFabL!VzXCabhbszTZl_wzABUH5Q
my new favourite; Amber Hahn,111,1447715872,joi,NSFjerk,http://www.pornhub.com/view_video.php?viewkey=985443156
Damn, this one takes a dark turn.,111,1531954714,joi,UnneededGrammarNazi,https://www.pornhub.com/view_video.php?viewkey=ph5b1cf051d5061
Who is she?,110,1499027807,joi,11x06,https://de.pornhub.com/view_video.php?viewkey=ph5912a069010a4
Brookelynne Briar JOi with prostate massage instruction and CEI,110,1494396370,joi,ChuffedB0yo,https://www.pornhub.com/view_video.php?viewkey=ph59118068cbe83
Best in a while imo,110,1532155601,joi,HarryLotter2,https://fr.pornhub.com/view_video.php?viewkey=ph5b2413e805414
Hot countdown joi,109,1469717280,joi,rated3,http://www.pornhub.com/view_video.php?viewkey=ph570536102b951
Sexy Redhead JOI,109,1489717920,joi,YoungBoy2210,http://www.pornhub.com/view_video.php?viewkey=ph5868111d883ee
JOI - Mother strips for sons schoolmate,109,1560501274,joi,duzixoyuv2020,https://www.pornhub.com/view_video.php?viewkey=ph58f3443042dd9&amp;utm_source=chimcanhcut&amp;utm_medium=PT&amp;utm_campaign=chimcanhcut
MissMolly Redhead JOI,109,1537281072,joi,PapaUnlimited,https://www.pornhub.com/view_video.php?viewkey=ph58a5da606e3f1&amp;4&amp;3&amp;utm_source=redditshare&amp;utm_medium=PT&amp;utm_campaign=redditshare
card game joi,108,1479139432,joi,AssEatersAnonymous,http://www.pornhub.com/view_video.php?viewkey=ph581e858588f96
Please Cum on My Panties [OC],108,1509147113,joi,Teeny_Ginger_18,https://www.pornhub.com/view_video.php?viewkey=ph59f379e4aee81
Mommie &amp; Friends JOI,107,1500730840,joi,goofydos,https://www.pornhub.com/view_video.php?viewkey=ph58d9b9baab322
Yoga pants joi,107,1558385861,joi,Blazedson,https://www.pornhub.com/view_video.php?viewkey=ph5ce16d36cf373&amp;t=3&amp;utm_source=thepornguy&amp;utm_medium=PT&amp;utm_campaign=thepornguy
Brookelynne Briar Blowjob Jerk Off instruction And oral Creampie,106,1490172440,joi,ChuffedB0yo,http://www.pornhub.com/view_video.php?viewkey=ph58d0f1efcba7d
Bryci üëåüèª,106,1492104531,joi,[deleted],https://www.pornhub.com/view_video.php?viewkey=ph58da2550d6a15
Bryci - Blackest Cat,106,1503596913,joi,jamesbn,https://www.pornhub.com/view_video.php?viewkey=ph599f09b2a856c
Arab Hijab JOI by big titty Middle Eastern girl Violet Myers!!!,106,1558623800,joi,LividTrust,https://www.pornhub.com/view_video.php?viewkey=ph5cb75d5e0ee3b&amp;utm_source=galaxy&amp;utm_medium=PT&amp;utm_campaign=galaxy
Your girlfriend's sister is a little British cock tease,106,1437914562,joi,syynkronize,http://www.pornhub.com/view_video.php?viewkey=167516565
JOI Game cam show - Red Light Green Light,106,1550506841,joi,Clara_dee,https://www.pornhub.com/view_video.php?viewkey=ph5c60f1408e9c6
Fuck Your Self JOI.,106,1565430287,joi,VivianCosima,https://www.pornhub.com/view_video.php?viewkey=ph5a34f0b66ab08&amp;t=1&amp;utm_source=galaxy&amp;utm_medium=PT&amp;utm_campaign=galaxy1
I just posted a full CEI video on Pornhub, Merry Christmas!,106,1514047151,joi,CandyGlitter,https://www.pornhub.com/view_video.php?viewkey=ph5a3d87bcdcb4a
Try not to cum to her very first joi,106,1532335230,joi,spankmehard22,https://www.pornhub.com/view_video.php?viewkey=ph5b1078a138ca4&amp;utm_source=thepornguy&amp;utm_medium=PT&amp;utm_campaign=thepornguy
She knows exactly what to say...,105,1498803276,joi,chopway,https://www.pornhub.com/view_video.php?viewkey=ph593dc0b55c7ce
Ezra - JOI and Anal,105,1511720062,joi,arsa1111,https://www.pornhub.com/view_video.php?viewkey=ph5a198e02a205d
KK JOI,105,1534805372,joi,grinkin,https://www.pornhub.com/view_video.php?viewkey=ph5a999364949e8
Ash's Ass JOI for her Pornhub Fam,105,1554761825,joi,arena2020,https://www.youporn.com/watch/14074313/ashs-ass-joi-for-her-pornhub-fam/?t=5&amp;utm_source=thepornguy&amp;utm_medium=PT&amp;utm_campaign=thepornguy
Best multiple cum JOI,104,1496373395,joi,TwixJoe,https://fr.pornhub.com/view_video.php?viewkey=ph58f02f110034e
Raylene Jerk Off Instructions,104,1497286399,joi,TheCollectorX,https://www.pornhub.com/view_video.php?viewkey=920834951
Jasmine Grey JOI countdown,104,1537745306,joi,NYR4Ever,https://www.pornhub.com/view_video.php?viewkey=ph5ba6e47b550e1&amp;t=0&amp;utm_source=megajoi.com&amp;utm_medium=embed&amp;utm_campaign=embed-html5
Xev Bellringer - A Holiday Family Affair,103,1451796844,joi,C4O,http://www.pornhub.com/view_video.php?viewkey=ph56739e49b6512
sunny leone joi - the only joi vid i'll ever need,103,1504622028,joi,ilookatpornonreddit,https://www.pornhub.com/view_video.php?viewkey=1432998475
Natalia Forrest - Office Blackmail,103,1473028017,joi,WangChung2Nite,http://www.pornhub.com/view_video.php?viewkey=ph57504f7367265
New one from Nina,103,1562044209,joi,noobs_io,https://de.pornhub.com/view_video.php?viewkey=ph5d187f55a010d
Your Personal Trainer by Clara Dee - Full version now free on Pornhub [18:24],103,1562685251,joi,Clara_dee,https://www.pornhub.com/view_video.php?viewkey=ph5d1e3854d1b7e
Amazing JOI with countdown from hot Jasmine Grey,102,1551911672,joi,arena2020,https://www.pornhub.com/view_video.php?viewkey=ph5ba6e47b550e1&amp;t=4&amp;utm_source=pg-reddit&amp;utm_medium=pg
My First Threesome Story,102,1528720962,joi,ChippyLipton,https://www.pornhub.com/view_video.php?viewkey=ph5b1e638ee625b
wake up with Danica Collins (MILF, ebony, British accent),102,1530474371,joi,Igtjf03,https://www.pornhub.com/view_video.php?viewkey=ph58d1a1f152df0
Denial Joi - my absolute favourite,102,1534031002,joi,meanafan,https://www.pornhub.com/view_video.php?viewkey=ph5724d33a3fecd
Eva Doll - My First JOI (She‚Äôs so beautiful),101,1557082848,joi,TheDeathMaester,https://www.pornhub.com/view_video.php?viewkey=ph5beb2cdb33169
Cum on my tits joi - Tessa Thompson,101,1561353599,joi,JOI4life,https://www.pornhub.com/view_video.php?viewkey=ph5d0a3d87a0ff6
Tits and cleavage worship JOI,101,1502105854,joi,biboy77,https://www.pornhub.com/view_video.php?viewkey=ph58d9c14ab42e4
Speed Jerk! (3:52),101,1510681364,joi,ThereWillBeBoogie,https://www.pornhub.com/view_video.php?viewkey=ph5952d13b4e617
Íû∞Œ±‚Ä†ŒØ”ô Œ≤Œ±≈ã“°Íû© Collection,101,1551950475,joi,DemonicYak,https://mega.nz/#F!qWIVHSLC
Cassie Laine - "Hypnotise JOI".,101,1565113387,joi,MarleighAlyvia,https://www.pornhub.com/view_video.php?viewkey=ph560febc879719&amp;t=6&amp;utm_source=galaxy&amp;utm_medium=PT&amp;utm_campaign=galaxy1
Two Girls Edge You.,100,1479396018,joi,ecuas2112,http://www.pornhub.com/view_video.php?viewkey=ph581be8e8dee9f
Curvy Busty Redhead Siri Pornstar Gives JOI With Big Dildo!,100,1557773256,joi,hannahgonewild1,https://www.pornhub.com/view_video.php?viewkey=ph5ac78fb4891ac
Miss Kelle Martina - Endurance Edging JOI,100,1510497445,joi,flanders123,https://pornhub.com/view_video.php?viewkey=ph5a07ccabba1e3
amber hahn is the best,99,1485478446,joi,pornytoad,http://www.pornhub.com/view_video.php?viewkey=ph5651c3debf0e1
SASHA FOXXX JOI &amp; CUMSHOTS COMPILATION,99,1498652962,joi,nikolaband,https://www.pornhub.com/view_video.php?viewkey=ph593ddb61b29ba
Real hard to make it all 20 mins doing what she's doing but worth it,99,1533581870,joi,MiketreyF,https://www.pornhub.com/view_video.php?viewkey=ph58e513776a824
Bryci Mother of Cocks JOI,99,1553039335,joi,arena2020,https://www.pornhub.com/view_video.php?viewkey=ph5ab43f71e280b&amp;t=5&amp;utm_source=pg-reddit&amp;utm_medium=pg
Amazing redhead with coutdown,99,1568389527,joi,ryan-mills-pdx,https://www.pornhub.com/view_video.php?viewkey=ph58a5da606e3f1
This is what got me into the world of assplay,99,1480113506,joi,scapegoatfallguy,http://www.pornhub.com/view_video.php?viewkey=803584033
